seq,sido_cd,sido_nm,gugun_cd,gugun_nm,code_order,view_yn,store_num,sido,gugun,address,new_img_nm,p_pro_seq,p_view_yn,p_sido_cd,p_gugun_cd,p_store_nm,p_theme_cd,p_wireless_yn,p_smoking_yn,p_book_yn,p_music_yn,p_terrace_yn,p_table_yn,p_takeout_yn,p_parking_yn,p_dollar_assent,p_card_recharge,p_subway_yn,stb_store_file_renew,stb_store_theme_renew,stb_store_time_renew,stb_store_lsm,s_code,s_name,tel,dlvry_call_cntr_phno,fax,sido_code,sido_name,gugun_code,gugun_name,addr,park_info,new_state,theme_state,new_bool,search_text,ins_lat,ins_lng,in_distance,out_distance,all_search_cnt,addr_search_cnt,store_search_cnt,rowCount,store_nm,store_cd,s_biz_code,new_icon,set_user,favorites,map_desc,notice,defaultimage,etcimage,in_biz_cd,in_store_cd,in_favorites,in_user_id,in_biz_cds,in_biz_arr,in_biz_arrdata,in_scodes,in_scode_arr,in_scode_arrdata,disp,set_date,hlytag,hlytag_msg,vSal,istart,iend,open_dt,gold_card,ip_lat,ip_long,espresso,new_store,premiere_food,doro_address,cold_blew,my_siren_order_store_yn,whcroad_yn,skuNo,skuName,skuImgUrl,stock_count,store_area_name,store_area_code,is_open,ev_open_yn,option,gift_stock_yn,lat,lot,t20,t04,t03,t01,t12,t09,t06,t10,p10,p50,p20,p60,p30,p70,p40,p80,t22,t21,p90,p01,t05,t30,t36,t27,t29,t43,t48,z9999,t64,t66,p02
0,,,,,,,,,,,,0,,,,,,,,,,,,,,,,,,,,,1724,무교로,1522-3232,,02-3789-3955,01,서울,0119,중구,서울특별시 중구 무교동 32-2 남강건설회관빌딩,,,Z9999@T05@T08@T16@T17@T20@T21@T30@T32@T34@T36@@@T52@T56@T57@T64@T65@T69@P80@P90,0,,,,0,.06,-1,-1,-1,30,,0,3969,N,,0,,,/upload/store/2020/10/[3969]_20201029075346_wbszq.jpg,,,,,,0,,,0,,,,,,,,1,60,20201029,0,,,,,,서울특별시 중구 무교로 15 (무교동),,N,,,,,0,,A01,,,,,37.56722071682264,126.97907661254083,0,0,0,0,0,0,0,0,0,0,0,0,0,0,0,0,0,0,0,0,0,0,0,0,0,0,0,0,0,0,0
0,,,,,,,,,,,,0,,,,,,,,,,,,,,,,,,,,,1047,한국프레스센터,1522-3232,,02-722-3264,01,서울,0119,중구,서울특별시 중구 태평로1가 25 프레스센터,,,Z9999@T05@T08@T16@T17@T20@T21@T30@T32@@@T52@T56@T57@T64@T65@T69@P80@P90@T09,0,,,,0,.07,-1,-1,-1,30,,0,3263,N,,0,,,/upload/store/2016/03/[3263]_20160328074259_xdpew.jpg,,,,,,0,,,0,,,,,,,,1,60,20160328,0,,,,,,서울특별시 중구 세종대로 124 (태평로1가),,N,WHCROAD,,,,0,,A01,,,,,37.56724756017782,126.9780493948243,0,0,0,0,0,0,0,0,0,0,0,0,0,0,0,0,0,0,0,0,0,0,0,0,0,0,0,0,0,0,0
0,,,,,,,,,,,,0,,,,,,,,,,,,,,,,,,,,,513,시청,1522-3232,,02-319-8504,01,서울,0119,중구,서울특별시 중구 을지로1가 50 삼성화재 삼성빌딩1층,,Y,T05@T08@T16@T17@T20@T21@T30@T32@@@T36@T43@T51@T52@@T56@T57@T64@T65@T69@T71@P80,0,,,,0,.12,-1,-1,-1,30,,0,9704,N,,0,,,/upload/store/2022/12/[9704]_20221223075102_3hoe2.jpg,,,,,,0,,,0,,,,,,,,1,60,20120502,0,,,,,,"서울특별시 중구 을지로 19, 삼성화재삼성빌딩 1층 (을지로1가)",,N,WHCROAD,,,,0,,A01,,,,,37.56629,126.979808,0,0,0,0,0,0,0,0,0,0,0,0,0,0,0,0,0,0,0,0,0,0,0,0,0,0,0,0,0,0,0
0,,,,,,,,,,,,0,,,,,,,,,,,,,,,,,,,,,179,무교동,1522-3232,,02-779-1838,01,서울,0119,중구,서울특별시 중구 무교동 45 코오롱빌딩,,N,Z9999@T05@T08@T16@T17@T20@@T30@T32@T34@@@T36@T51@T52@T56@T57@T64@T65@T69@T73@P80@T09,0,,,,0,.13,-1,-1,-1,30,,0,9237,N,,0,,,/upload/store/2021/11/[9237]_20211101080653_2anba.jpg,,,,,,0,,,0,,,,,,,,1,60,20020308,0,,,,,,서울특별시 중구 무교로 21 (무교동) 코오롱빌딩 1층,,N,WHCROAD,,,,0,,A01,,,,,37.567928021468916,126.9792065857694,0,0,0,0,0,0,0,0,0,0,0,0,0,0,0,0,0,0,0,0,0,0,0,0,0,0,0,0,0,0,0
0,,,,,,,,,,,,0,,,,,,,,,,,,,,,,,,,,,234,환구단,1522-3232,,02-778-1940,01,서울,0119,중구,서울특별시 중구 소공동 87-10,,N,Z9999@T05@T08@T12@T16@T17@T20@T21@T22@T30@T32@T34@@@@T43@T52@@T56@T57@T64@T65@T69@T71@P80@P90,0,,,,0,.26,-1,-1,-1,30,,0,9340,N,,0,,,/upload/store/2024/08/[9340]_20240819073851_1q215.png,,,,,,0,,,0,,,,,,,,1,60,20051020,0,,,,,,서울특별시 중구 소공로 112 (소공동),,N,WHCROAD,,,,0,,A01,,,,,37.56448620899717,126.97916226763291,0,0,0,0,0,0,0,0,0,0,0,0,0,0,0,0,0,0,0,0,0,0,0,0,0,0,0,0,0,0,0
0,,,,,,,,,,,,0,,,,,,,,,,,,,,,,,,,,,2044,세종대로,1522-3232,,--,01,서울,0119,중구,서울특별시 중구 태평로1가 62-12 조흥금융박물관,,,T05@T08@T16@T17@T20@T21@T30@T32@T34@@T36@T51@T52@T56@T57@T64@T65@T69,0,,,,0,.28,-1,-1,-1,30,,0,4379,N,,0,,,/upload/store/2022/10/[4379]_20221027080352_zmb9d.jpg,,,,,,0,,,0,,,,,,,,1,60,20221026,0,,,,,,서울특별시 중구 세종대로 135-5 (태평로1가),,N,WHCROAD,,,,0,,A01,,,,,37.568678,126.976493,0,0,0,0,0,0,0,0,0,0,0,0,0,0,0,0,0,0,0,0,0,0,0,0,0,0,0,0,0,0,0
0,,,,,,,,,,,,0,,,,,,,,,,,,,,,,,,,,,1245,을지로국제빌딩,1522-3232,,02-752-3465,01,서울,0119,중구,서울특별시 중구 다동 111 국제빌딩,,,Z9999@T05@T20@T21@T30@T32@@@@T52@T57@T64@T65@T69@P80,0,,,,0,.31,-1,-1,-1,30,,0,3464,N,,0,,,/upload/store/2018/06/[3464]_20180619020826_4ceze.jpg,,,,,,0,,,0,,,,,,,,1,60,20170725,0,,,,,,서울특별시 중구 남대문로 109 (다동),,N,WHCROAD,,,,0,,A01,,,,,37.566952,126.982219,0,0,0,0,0,0,0,0,0,0,0,0,0,0,0,0,0,0,0,0,0,0,0,0,0,0,0,0,0,0,0
0,,,,,,,,,,,,0,,,,,,,,,,,,,,,,,,,,,1359,광화문우체국,1522-3232,,02-733-3593,01,서울,0118,종로구,서울특별시 종로구 서린동 154-1 광화문우체국,,,T05@T08@T16@T17@T20@T21@T30@T32@T36@@@T43@T52@@T56@T57@T64@T65@T69@T71@P90,0,,,,0,.36,-1,-1,-1,30,,0,3592,N,,0,,,/upload/store/2018/04/[3592]_20180410074916_1jjrm.jpg,,,,,,0,,,0,,,,,,,,1,60,20180410,0,,,,,,서울특별시 종로구 종로 6 (서린동),,N,,,,,0,,A01,,,,,37.57000686119245,126.9780599046084,0,0,0,0,0,0,0,0,0,0,0,0,0,0,0,0,0,0,0,0,0,0,0,0,0,0,0,0,0,0,0
0,,,,,,,,,,,,0,,,,,,,,,,,,,,,,,,,,,581,소공로,1522-3232,,02-3789-8569,01,서울,0119,중구,서울특별시 중구 소공동 70번지 삼영빌딩 1층일부,,Y,Z9999@T05@T08@T16@T17@T20@T30@T32@@@T36@T51@T52@T56@T57@T64@T65@T69,0,,,,0,.38,-1,-1,-1,30,,0,9769,N,,0,,,/upload/store/2021/04/[9769]_20210413054444_x7ko7.jpg,,,,,,0,,,0,,,,,,,,1,60,20130125,0,,,,,,"서울특별시 중구 남대문로7길 19, 삼영빌딩 1층 일부 (소공동)",,N,,,,,0,,A01,,,,,37.563883,126.980849,0,0,0,0,0,0,0,0,0,0,0,0,0,0,0,0,0,0,0,0,0,0,0,0,0,0,0,0,0,0,0
0,,,,,,,,,,,,0,,,,,,,,,,,,,,,,,,,,,994,을지로경기빌딩,1522-3232,,02-725-8981,01,서울,0119,중구,서울특별시 중구 삼각동 115 경기빌딩,,,Z9999@T05@T08@T16@T17@T20@T21@@T30@T32@T34@@@@T51@T52@T56@T57@T64@T65@T69@P80,0,,,,0,.4,-1,-1,-1,30,,0,3181,N,,0,,,/upload/store/2025/08/3181_20250820104034_f9tir.jpg,,,,,,0,,,0,,,,,,,,1,60,20151028,0,,,,,,서울특별시 중구 남대문로10길 9 (삼각동) 경기빌딩,,N,,,,,0,,A01,,,,,37.56707721942303,126.98322227123015,0,0,0,0,0,0,0,0,0,0,0,0,0,0,0,0,0,0,0,0,0,0,0,0,0,0,0,0,0,0,0
0,,,,,,,,,,,,0,,,,,,,,,,,,,,,,,,,,,382,을지로한국빌딩,1522-3232,,02-3789-8385,01,서울,0119,중구,서울특별시 중구 을지로2가 198번지 1층,,Y,Z9999@T05@T08@T16@T17@T20@T30@T32@T34@T36@@T51@T52@T56@T57@T64@T65@T69@P80@P90,0,,,,0,.43,-1,-1,-1,30,,0,9585,N,,0,,,/upload/store/2024/08/[9585]_20240829043125_putlu.jpg,,,,,,0,,,0,,,,,,,,1,60,20110411,0,,,,,,"서울특별시 중구 을지로 50, 1층 (을지로 2가)",,N,WHCROAD,,,,0,,A01,,,,,37.565722,126.98329,0,0,0,0,0,0,0,0,0,0,0,0,0,0,0,0,0,0,0,0,0,0,0,0,0,0,0,0,0,0,0
0,,,,,,,,,,,,0,,,,,,,,,,,,,,,,,,,,,2455,시청역11번출구,1522-3232,,--,01,서울,0119,중구,서울특별시 중구 서소문동 26 경서빌딩,,,T08@T16@@T20@T21@T30@T32@T34@T43@T51@T57@T64@T65@T66@T69@T71@P80,0,,,,0,.45,-1,-1,-1,30,,0,4693,N,,0,,,/upload/store/2025/08/4693_20250829034542_nkxbf.jpg,,,,,,0,,,0,,,,,,,,1,60,20250829,0,,,,,,서울특별시 중구 서소문로 129 (서소문동),,N,,,,,0,,A01,,,,,37.56377593074396,126.97530565406971,0,0,0,0,0,0,0,0,0,0,0,0,0,0,0,0,0,0,0,0,0,0,0,0,0,0,0,0,0,0,0
0,,,,,,,,,,,,0,,,,,,,,,,,,,,,,,,,,,2014,광화문교보문고,1522-3232,,02-722-4341,01,서울,0118,종로구,서울특별시 종로구 종로1가 1 교보생명빌딩 지하1층,,,T05@T08@T16@T17@T20@T21@T30@T32@T34@@T51@T52@T56@T57@T64@T65@T69@P80@P90@T09,0,,,,0,.47,-1,-1,-1,30,,0,4340,N,,0,,,/upload/store/2022/08/[4340]_20220830062154_r8n31.jpg,,,,,,0,,,0,,,,,,,,1,60,20220831,0,,,,,,서울특별시 종로구 종로 1 (종로1가),,N,WHCROAD,,,,0,,A01,,,,,37.571017,126.977937,0,0,0,0,0,0,0,0,0,0,0,0,0,0,0,0,0,0,0,0,0,0,0,0,0,0,0,0,0,0,0
0,,,,,,,,,,,,0,,,,,,,,,,,,,,,,,,,,,804,새문안로,1522-3232,,02-735-8788,01,서울,0118,종로구,서울특별시 종로구 신문로1가 163 광화문오피시아빌딩(광화문오피시아),,Y,T05@T08@T16@T17@T20@T21@@T30@T32@T34@@@T36@@T43@T52@@T56@T57@T64@T65@T69@T71@P60@P80,0,,,,0,.47,-1,-1,-1,30,,0,9988,N,,0,,,/upload/store/2020/05/[9988]_20200512070704_3c0yi.JPG,,,,,,0,,,0,,,,,,,,1,60,20140630,0,,,,,,서울특별시 종로구 새문안로 92 (신문로1가) 광화문오피시아빌딩,,N,WHCROAD,,,,0,,A01,,,,,37.569853082636385,126.97499519103074,0,0,0,0,0,0,0,0,0,0,0,0,0,0,0,0,0,0,0,0,0,0,0,0,0,0,0,0,0,0,0
0,,,,,,,,,,,,0,,,,,,,,,,,,,,,,,,,,,777,명동메트로,1522-3232,,02-754-8764,01,서울,0119,중구,서울특별시 중구 을지로2가 199-33 메트로호텔,,Y,Z9999@T05@T08@T16@T17@T20@T30@T32@@@T36@@T52@T57@T64@T65@T69@P80,0,,,,0,.48,-1,-1,-1,30,,0,9964,N,,0,,,/upload/store/2019/02/[9964]_20190223122615_791ud.jpg,,,,,,0,,,0,,,,,,,,1,60,20140520,0,,,,,,서울특별시 중구 명동9가길 14 (을지로1가) 메트로호텔,,N,WHCROAD,,,,0,,A01,,,,,37.565118,126.983681,0,0,0,0,0,0,0,0,0,0,0,0,0,0,0,0,0,0,0,0,0,0,0,0,0,0,0,0,0,0,0
0,,,,,,,,,,,,0,,,,,,,,,,,,,,,,,,,,,2426,그랑서울,1522-3232,,--,01,서울,0118,종로구,서울특별시 종로구 청진동 70 그랑서울,,,T05@T08@T16@T20@T21@@T32@T36@T51@@T57@T64@T65@T66@T69,0,,,,0,.5,-1,-1,-1,30,,0,4682,N,,0,,,/upload/store/2025/06/4682_20250625080507_43u0w.jpg,,,,,,0,,,0,,,,,,,,1,60,20250626,0,,,,,,서울특별시 종로구 종로 33 (청진동),,N,,,,,0,,A01,,,,,37.57078676546426,126.98120937021599,0,0,0,0,0,0,0,0,0,0,0,0,0,0,0,0,0,0,0,0,0,0,0,0,0,0,0,0,0,0,0
0,,,,,,,,,,,,0,,,,,,,,,,,,,,,,,,,,,181,태평로,1522-3232,,02-775-1739,01,서울,0119,중구,서울특별시 중구 태평로2가 69-7 대영빌딩 1층,,N,Z9999@T05@T08@T16@T17@T20@T30@T32@@@@T51@T52@T56@T57@T64@T65@T69@P80,0,,,,0,.51,-1,-1,-1,30,,0,9239,N,,0,,,/upload/store/2022/06/[9239]_20220616100407_lpg3h.jpg,,,,,,0,,,0,,,,,,,,1,60,20020418,0,,,,,,"서울특별시 중구 세종대로 72, 대영빌딩 1층 (태평로2가)",,N,WHCROAD,,,,0,,A01,,,,,37.56248285,126.9767928,0,0,0,0,0,0,0,0,0,0,0,0,0,0,0,0,0,0,0,0,0,0,0,0,0,0,0,0,0,0,0
0,,,,,,,,,,,,0,,,,,,,,,,,,,,,,,,,,,491,을지로삼화타워,1522-3232,,02-6021-5994,01,서울,0119,중구,서울특별시 중구 을지로2가 204 삼화타워 1층,,Y,Z9999@T05@T08@T16@T17@T20@T21@T30@T32@@@T36@@T52@T56@T57@T64@T65@T69@P80@T09,0,,,,0,.53,-1,-1,-1,30,,0,9683,N,,0,,,/upload/store/2021/07/[9683]_20210712024158_24c4r.jpg,,,,,,0,,,0,,,,,,,,1,60,20120320,0,,,,,,서울특별시 중구 을지로5길 16 (을지로2가) 1층,,N,WHCROAD,,,,0,,A01,,,,,37.566902,126.984707,0,0,0,0,0,0,0,0,0,0,0,0,0,0,0,0,0,0,0,0,0,0,0,0,0,0,0,0,0,0,0
0,,,,,,,,,,,,0,,,,,,,,,,,,,,,,,,,,,178,광화문,1522-3232,,02-732-1836,01,서울,0118,종로구,서울특별시 종로구 세종로 185-2 현대빌딩 (현대해상본사사옥 별관내),,N,Z9999@@T05@T08@T16@T17@T20@T22@@T27@@T30@T32@@T34@T36@@@@@T51@T52@T56@T57@T64@T65@T69@P80,0,,,,0,.53,-1,-1,-1,30,,0,9236,N,,0,,,/upload/store/2022/08/[9236]_20220828092629_b2to3.jpg,,,,,,0,,,0,,,,,,,,1,60,20020225,0,,,,,,서울특별시 종로구 세종대로 167 (세종로),,N,,,,,0,,A01,,,,,37.571254401637304,126.97631064081757,0,0,0,0,0,0,0,0,0,0,0,0,0,0,0,0,0,0,0,0,0,0,0,0,0,0,0,0,0,0,0
0,,,,,,,,,,,,0,,,,,,,,,,,,,,,,,,,,,2430,한국은행교차로,1522-3232,,--,01,서울,0119,중구,서울특별시 중구 남대문로2가 111-1 프리즈마111 1층,,,Z9999@T05@T08@T16@T17@T20@T30@T32@T34@T36@T43@T51@T52@T56@T57@T64@T65@T69@T71@P90,0,,,,0,.55,-1,-1,-1,30,,0,4669,N,,0,,,/upload/store/2025/07/4669_20250703044150_q1uj9.jpg,,,,,,0,,,0,,,,,,,,1,60,20250626,0,,,,,,서울특별시 중구 남대문로 55 (남대문로2가),,N,,,,,0,,A01,,,,,37.562263,126.981169,0,0,0,0,0,0,0,0,0,0,0,0,0,0,0,0,0,0,0,0,0,0,0,0,0,0,0,0,0,0,0
0,,,,,,,,,,,,0,,,,,,,,,,,,,,,,,,,,,836,종로수송,1522-3232,,02-723-8818,01,서울,0118,종로구,서울특별시 종로구 청진동 19 1~3층,,Y,Z9999@T05@T08@T16@T17@T20@T21@T30@T32@T34@@T36@@T52@T56@T57@T64@T65@T69@P80,0,,,,0,.56,-1,-1,-1,30,,0,3018,N,,0,,,/upload/store/2020/03/[3018]_20200305062812_7zr1d.jpg,,,,,,0,,,0,,,,,,,,1,60,20140929,0,,,,,,서울특별시 종로구 종로5길 30 (청진동) 1~3층,,N,WHCROAD,,,,0,,A01,,,,,37.57165162614545,126.98062335393885,0,0,0,0,0,0,0,0,0,0,0,0,0,0,0,0,0,0,0,0,0,0,0,0,0,0,0,0,0,0,0
0,,,,,,,,,,,,0,,,,,,,,,,,,,,,,,,,,,845,서소문로,1522-3232,,02-6020-7970,01,서울,0119,중구,서울특별시 중구 서소문동 75 대한빌딩,,Y,Z9999@@T05@T08@T16@T17@T20@@@T30@T32@T34@@T36@@T51@T52@T56@T57@T64@T65@T69@P80@T09,0,,,,0,.56,-1,-1,-1,30,,0,3032,N,,0,,,/upload/store/2021/10/[3032]_20211023011555_w9u2g.jpg,,,,,,0,,,0,,,,,,,,1,60,20141029,0,,,,,,서울특별시 중구 서소문로 120 (서소문동) 대한빌딩,,N,WHCROAD,,,,0,,A01,,,,,37.563006,126.974546,0,0,0,0,0,0,0,0,0,0,0,0,0,0,0,0,0,0,0,0,0,0,0,0,0,0,0,0,0,0,0
0,,,,,,,,,,,,0,,,,,,,,,,,,,,,,,,,,,2452,KT광화문웨스트B1F,1522-3232,,--,01,서울,0118,종로구,서울특별시 종로구 세종로 100 KT 광화문 빌딩 West,,,T05@T08@T16@T17@T20@T21@T30@T32@T34@T51@T56@T57@T64@T65@T69,0,,,,0,.59,-1,-1,-1,30,,0,4671,N,,0,,,/upload/store/2025/08/4671_20250828074338_tqikm.jpg,,,,,,0,,,0,,,,,,,,1,60,20250828,0,,,,,,서울특별시 종로구 세종대로 178 (세종로),,N,WHCROAD,,,,0,,A01,,,,,37.5721422,126.9779548,0,0,0,0,0,0,0,0,0,0,0,0,0,0,0,0,0,0,0,0,0,0,0,0,0,0,0,0,0,0,0
0,,,,,,,,,,,,0,,,,,,,,,,,,,,,,,,,,,1426,숭례문북창,1522-3232,,02-3789-3662,01,서울,0119,중구,서울특별시 중구 남대문로4가 17-19,,,Z9999@T05@T08@T16@T17@T20@T21@T30@T32@@@T36@T52@T56@T57@T64@T65@T69@P80@P90,0,,,,0,.59,-1,-1,-1,30,,0,3666,N,,0,,,/upload/store/2021/03/[3666]_20210331082049_r7ywl.jpg,,,,,,0,,,0,,,,,,,,1,60,20181031,0,,,,,,서울특별시 중구 세종대로12길 12 (남대문로4가),,N,WHCROAD,,,,0,,A01,,,,,37.561725,126.976838,0,0,0,0,0,0,0,0,0,0,0,0,0,0,0,0,0,0,0,0,0,0,0,0,0,0,0,0,0,0,0
0,,,,,,,,,,,,0,,,,,,,,,,,,,,,,,,,,,1305,종로R,1522-3232,,02-722-3508,01,서울,0118,종로구,서울특별시 종로구 종로2가 6 종로타워,,,Z9999@T03@T05@T08@T12@T16@T17@T20@@T26@T27@T29@T30@T32@@T36@@@T37@@T39@T41@T42@T52@T56@T57@T64@@T69@P40@P80@P90@T09,0,,,,0,.61,-1,-1,-1,30,,0,3507,N,,0,,,/upload/store/2018/10/[3507]_20181005091358_ohfm8.jpg,,,,,,0,,,0,,,,,,,,1,60,20171220,0,,,,,,서울특별시 종로구 종로 51 (종로2가),,N,WHCROAD,,,,0,,A01,,,,,37.5708,126.9834,0,0,0,0,0,0,0,0,0,0,0,0,0,0,0,0,0,0,0,0,0,0,0,0,0,0,0,0,0,0,0
0,,,,,,,,,,,,0,,,,,,,,,,,,,,,,,,,,,2451,리저브광화문,1522-3232,,--,01,서울,0118,종로구,서울특별시 종로구 세종로 100 KT 광화문 빌딩 West,,,Z9999@T03@T08@T16@T17@T20@T21@T26@T29@T33@T34@T37@T39@T41@T47@T57@T69@P80,0,,,,0,.63,-1,-1,-1,30,,0,4670,N,,0,,,/upload/store/2025/08/4670_20250824042915_s9gjy.JPG,,,,,,0,,,0,,,,,,,,1,60,20250828,0,,,,,,서울특별시 종로구 세종대로 178 (세종로),,N,WHCROAD,,,,0,,A01,,,,,37.57242596212652,126.97767997816724,0,0,0,0,0,0,0,0,0,0,0,0,0,0,0,0,0,0,0,0,0,0,0,0,0,0,0,0,0,0,0
0,,,,,,,,,,,,0,,,,,,,,,,,,,,,,,,,,,45,종각,1522-3232,,02-723-1969,01,서울,0118,종로구,서울특별시 종로구 종로2가 84-10,,N,Z9999@T05@T08@T16@T17@T20@T21@T30@T32@@@T36@T43@T52@@T56@T57@T64@T65@T69@T71@P80@P90,0,,,,0,.63,-1,-1,-1,30,,0,9369,N,,0,,,/upload/store/2018/12/[9369]_20181227110319_phbp3.jpg,,,,,,0,,,0,,,,,,,,1,60,20060726,0,,,,,,서울특별시 종로구 종로 64 (종로2가),,N,WHCROAD,,,,0,,A01,,,,,37.57001689280663,126.98450354974083,0,0,0,0,0,0,0,0,0,0,0,0,0,0,0,0,0,0,0,0,0,0,0,0,0,0,0,0,0,0,0
0,,,,,,,,,,,,0,,,,,,,,,,,,,,,,,,,,,998,서울중앙우체국,1522-3232,,02-6450-5917,01,서울,0119,중구,서울특별시 중구 충무로1가 21-1 서울중앙우체국,,,Z9999@T05@T08@T16@T17@T20@T30@T32@T34@@@T36@T51@T52@T56@T57@T64@T65@T69@P40@P80@P90,0,,,,0,.65,-1,-1,-1,30,,0,3179,N,,0,,,/upload/store/2021/11/[3179]_20211115013657_jhijl.jpg,,,,,,0,,,0,,,,,,,,1,60,20151027,0,,,,,,서울특별시 중구 소공로 70 (충무로 1가) 서울 중앙 우체국,,N,WHCROAD,,,,0,,A01,,,,,37.561678,126.982117,0,0,0,0,0,0,0,0,0,0,0,0,0,0,0,0,0,0,0,0,0,0,0,0,0,0,0,0,0,0,0
0,,,,,,,,,,,,0,,,,,,,,,,,,,,,,,,,,,352,종로관철,1522-3232,,02-733-8360,01,서울,0118,종로구,서울특별시 종로구 관철동 12-15번지 2층,,N,Z9999@T02@T05@T08@T16@T17@T20@T21@T30@T32@T36@@@@T43@T52@T56@T57@T64@T65@T69@P80,0,,,,0,.69,-1,-1,-1,30,,0,9560,N,,0,,,/upload/store/2020/03/[9560]_20200305025848_c0uk0.jpg,,,,,,0,,,0,,,,,,,,1,60,20101124,0,,,,,,"서울특별시 종로구 종로12길 21, 2층 (관철동)",,N,WHCROAD,,,,0,,A01,,,,,37.56913860117361,126.98593280684017,0,0,0,0,0,0,0,0,0,0,0,0,0,0,0,0,0,0,0,0,0,0,0,0,0,0,0,0,0,0,0
0,,,,,,,,,,,,0,,,,,,,,,,,,,,,,,,,,,920,명동중앙로,1522-3232,,02-318-9903,01,서울,0119,중구,서울특별시 중구 명동2가 2-16,,Y,Z9999@T05@T08@T16@T17@T20@T30@T32@T34@@T36@@@T51@T52@T56@T57@T64@T65@T69@T73@P80,0,,,,0,.71,-1,-1,-1,30,,0,3103,N,,0,,,/upload/store/2025/09/3103_20250927112629_irwea.jpg,,,,,,0,,,0,,,,,,,,1,60,20150428,0,,,,,,서울특별시 중구 명동길 60 (명동 2가),,N,WHCROAD,,,,0,,A01,,,,,37.5637485,126.9857723,0,0,0,0,0,0,0,0,0,0,0,0,0,0,0,0,0,0,0,0,0,0,0,0,0,0,0,0,0,0,0
0,,,,,,,,,,,,0,,,,,,,,,,,,,,,,,,,,,1063,신세계본점6F,1522-3232,,02-310-1432,01,서울,0119,중구,서울특별시 중구 충무로1가 52-5 신세계백화점건물,,,T05@T08@T16@T17@T20@T30@T32@T34@@@T52@T56@T57@T64@T65@T69@P80@T09,0,,,,0,.74,-1,-1,-1,30,,0,3297,N,,0,,,/upload/store/2024/07/[3297]_20240706050914_obgdt.jpg,,,,,,0,,,0,,,,,,,,1,60,20160512,0,,,,,,서울특별시 중구 퇴계로 77 (충무로1가),,N,WHCROAD,,,,0,,A01,,,,,37.560381,126.980758,0,0,0,0,0,0,0,0,0,0,0,0,0,0,0,0,0,0,0,0,0,0,0,0,0,0,0,0,0,0,0
0,,,,,,,,,,,,0,,,,,,,,,,,,,,,,,,,,,583,명동역,1522-3232,,--,01,서울,0119,중구,서울특별시 중구 충무로1가 25-52 건물전체,,Y,Z9999@T05@T08@T16@T17@T20@T30@T32@@@T36@T52@T57@T64@@T65@T69@P80,0,,,,0,.77,-1,-1,-1,30,,0,9762,N,,0,,,/upload/store/2019/04/[9762]_20190418101107_erfz1.JPG,,,,,,0,,,0,,,,,,,,1,60,20130130,0,,,,,,"서울특별시 중구 퇴계로 101, 건물 전체 (충무로 1가)",,N,WHCROAD,,,,0,,A01,,,,,37.5608622201549,126.983105390255,0,0,0,0,0,0,0,0,0,0,0,0,0,0,0,0,0,0,0,0,0,0,0,0,0,0,0,0,0,0,0
0,,,,,,,,,,,,0,,,,,,,,,,,,,,,,,,,,,401,이마빌딩,1522-3232,,02-733-8405,01,서울,0118,종로구,서울특별시 종로구 수송동 146-1번지,,Y,T05@T08@T16@T17@T20@T21@T30@T32@@@@T43@T52@@T56@T57@T64@T65@T69@T71@P90@T09,0,,,,0,.78,-1,-1,-1,30,,0,9605,N,,0,,,/upload/store/2018/12/[9605]_20181219020034_mwcje.jpg,,,,,,0,,,0,,,,,,,,1,60,20110628,0,,,,,,서울특별시 종로구 종로1길 42 (수송동),,N,WHCROAD,,,,0,,A01,,,,,37.5738637,126.97897149999994,0,0,0,0,0,0,0,0,0,0,0,0,0,0,0,0,0,0,0,0,0,0,0,0,0,0,0,0,0,0,0
0,,,,,,,,,,,,0,,,,,,,,,,,,,,,,,,,,,1528,경희궁로,1522-3232,,02-730-3762,01,서울,0118,종로구,서울특별시 종로구 당주동 128-27 동원빌딩,,,T05@T08@T16@T17@T20@T21@T30@T32@T34@@@T36@T43@T52@@T56@T57@T64@T65@T69@T71@P80@P90,0,,,,0,.78,-1,-1,-1,30,,0,3760,N,,0,,,/upload/store/2022/02/[3760]_20220224032500_1zhzi.jpg,,,,,,0,,,0,,,,,,,,1,60,20190808,0,,,,,,서울특별시 종로구 새문안로3길 15 (당주동),,N,WHCROAD,,,,0,,A01,,,,,37.571759,126.972343,0,0,0,0,0,0,0,0,0,0,0,0,0,0,0,0,0,0,0,0,0,0,0,0,0,0,0,0,0,0,0
0,,,,,,,,,,,,0,,,,,,,,,,,,,,,,,,,,,1809,정동,1522-3232,,02-3210-4098,01,서울,0118,종로구,서울특별시 종로구 신문로2가 89-27 피어선빌딩,,,T05@T08@T16@T17@T20@T21@T30@T32@T34@T36@@T43@T52@T56@T57@T64@T65@T69@T71,0,,,,0,.79,-1,-1,-1,30,,0,4097,N,,0,,,/upload/store/2021/05/[4097]_20210525061825_avvlx.jpg,,,,,,0,,,0,,,,,,,,1,60,20210526,0,,,,,,서울특별시 종로구 새문안로 42 (신문로2가),,N,WHCROAD,,,,0,,A01,,,,,37.56866486265962,126.97002074047501,0,0,0,0,0,0,0,0,0,0,0,0,0,0,0,0,0,0,0,0,0,0,0,0,0,0,0,0,0,0,0
0,,,,,,,,,,,,0,,,,,,,,,,,,,,,,,,,,,1496,대한상공회의소R,1522-3232,,02-6050-1181,01,서울,0119,중구,서울특별시 중구 남대문로4가 45 대한서울상공회의소 1층,,,Z9999@T03@T05@T08@T16@T17@T20@T26@T29@T30@T32@T34@@T36@T42@T52@T56@T57@T64@T65@T69,0,,,,0,.79,-1,-1,-1,30,,0,3684,N,,0,,,/upload/store/2019/07/[3684]_20190712100051_p4ww0.jpg,,,,,,0,,,0,,,,,,,,1,60,20190529,0,,,,,,서울특별시 중구 세종대로 39 (남대문로4가) 1층,,N,WHCROAD,,,,0,,A01,,,,,37.560938,126.973702,0,0,0,0,0,0,0,0,0,0,0,0,0,0,0,0,0,0,0,0,0,0,0,0,0,0,0,0,0,0,0
0,,,,,,,,,,,,0,,,,,,,,,,,,,,,,,,,,,213,퍼시픽타워,1522-3232,,02-2130-2979,01,서울,0119,중구,서울특별시 중구 서소문동 135 퍼시픽타워 1층,,N,T05@T08@T16@T17@T20@T21@T30@T32@T34@@T36@T52@T56@T57@T64@T65@T69@P80@T09,0,,,,0,.79,-1,-1,-1,30,,0,9279,N,,0,,,/upload/store/2019/04/[9279]_20190418105230_pn02w.jpg,,,,,,0,,,0,,,,,,,,1,60,20031027,0,,,,,,"서울특별시 중구 세종대로9길 41, 퍼시픽타워 1층 (서소문동)",,N,WHCROAD,,,,0,,A01,,,,,37.56132157,126.9730264,0,0,0,0,0,0,0,0,0,0,0,0,0,0,0,0,0,0,0,0,0,0,0,0,0,0,0,0,0,0,0
0,,,,,,,,,,,,0,,,,,,,,,,,,,,,,,,,,,1779,별다방,1522-3232,,02-6020-5970,01,서울,0119,중구,서울특별시 중구 회현동2가 88 스테이트타워 남산,,,Z9999@T03@T05@T08@T16@T17@T20@T26@T27@T29@T30@T32@T34@T36@T37@T39@T41@T42@T47@T52@T56@T57@T64@T65@T69@P80@T09,0,,,,0,.83,-1,-1,-1,30,,0,4089,N,,0,,,/upload/store/2021/03/[4089]_20210324071048_dy279.jpg,,,,,,0,,,0,,,,,,,,1,60,20210326,0,,,,,,서울특별시 중구 퇴계로 100 (회현동2가),,N,WHCROAD,,,,0,,A01,,,,,37.5602013,126.9829327,0,0,0,0,0,0,0,0,0,0,0,0,0,0,0,0,0,0,0,0,0,0,0,0,0,0,0,0,0,0,0
0,,,,,,,,,,,,0,,,,,,,,,,,,,,,,,,,,,1065,을지로2가,1522-3232,,02-6250-8281,01,서울,0119,중구,서울특별시 중구 을지로2가 88-5,,,Z9999@T05@T08@T16@T17@T20@T30@T32@@@T36@T52@T57@T64@T65@T69@P80@T09,0,,,,0,.83,-1,-1,-1,30,,0,3280,N,,0,,,/upload/store/2016/10/[3280]_20161025072955_tz70e.jpg,,,,,,0,,,0,,,,,,,,1,60,20160525,0,,,,,,서울특별시 중구 삼일대로 358 (을지로2가),,N,WHCROAD,,,,0,,A01,,,,,37.566347,126.988066,0,0,0,0,0,0,0,0,0,0,0,0,0,0,0,0,0,0,0,0,0,0,0,0,0,0,0,0,0,0,0
0,,,,,,,,,,,,0,,,,,,,,,,,,,,,,,,,,,866,명동길,1522-3232,,02-3789-8849,01,서울,0119,중구,서울특별시 중구 충무로2가 7-1,,Y,Z9999@T05@T08@T16@T17@T20@@T30@T32@T34@@T36@T52@T56@T57@T64@T65@T69@T73@P60@P80,0,,,,0,.83,-1,-1,-1,30,,0,3049,N,,0,,,/upload/store/2020/07/[3049]_20200713044856_5o0t2.jpg,,,,,,0,,,0,,,,,,,,1,60,20141217,0,,,,,,서울특별시 중구 명동10길 41,,N,WHCROAD,,,,0,,A01,,,,,37.5620695,126.9858669,0,0,0,0,0,0,0,0,0,0,0,0,0,0,0,0,0,0,0,0,0,0,0,0,0,0,0,0,0,0,0
0,,,,,,,,,,,,0,,,,,,,,,,,,,,,,,,,,,1001,회현역,1522-3232,,02-319-8986,01,서울,0119,중구,"서울특별시 중구 회현동1가 206 리더스뷰남산 107,108호",,,Z9999@T05@T08@T16@T17@T20@T30@T32@T34@@T36@T43@T51@T52@T56@T57@T64@T65@T69@T71@P80@T09,0,,,,0,.84,-1,-1,-1,30,,0,3186,N,,0,,,/upload/store/2023/04/[3186]_20230405034833_hb6ni.jpg,,,,,,0,,,0,,,,,,,,1,60,20151103,0,,,,,,서울특별시 중구 퇴계로 72 (회현동) 리더스뷰남산,,N,WHCROAD,,,,0,,A01,,,,,37.55947242829924,126.98072554032831,0,0,0,0,0,0,0,0,0,0,0,0,0,0,0,0,0,0,0,0,0,0,0,0,0,0,0,0,0,0,0
0,,,,,,,,,,,,0,,,,,,,,,,,,,,,,,,,,,2480,우리은행본점B1F,1522-3232,,--,01,서울,0119,중구,서울특별시 중구 회현동1가 203 (주)우리은행본점,,,T05@T16@T17@T20@T21@T30@T32@T34@T51@T56@T57@T64@T66@T69,0,,,,0,.85,-1,-1,-1,30,,0,4717,N,,0,,,/upload/store/2025/11/4717_20251126053446_rodbd.jpg,,,,,,0,,,0,,,,,,,,1,60,20251127,0,,,,,,서울특별시 중구 소공로 51 (회현동1가),,N,,,,,0,,A01,,,,,37.55958972504453,126.98177808060248,0,0,0,0,0,0,0,0,0,0,0,0,0,0,0,0,0,0,0,0,0,0,0,0,0,0,0,0,0,0,0
0,,,,,,,,,,,,0,,,,,,,,,,,,,,,,,,,,,2129,이마트타워,1522-3232,,02-319-4468,01,서울,0119,중구,서울특별시 중구 순화동 53 신한L서울타워,,,T05@T08@T16@T17@T20@T21@T30@T32@T34@T36@@T51@T52@T56@T57@T64@T65@T69@P80,0,,,,0,.86,-1,-1,-1,30,,0,4466,N,,0,,,/upload/store/2023/05/[4466]_20230502025158_hlb96.jpg,,,,,,0,,,0,,,,,,,,1,60,20230502,0,,,,,,서울특별시 중구 세종대로7길 37 (순화동) 1층,,N,,,,,0,,A01,,,,,37.5607434636967,126.972528391958,0,0,0,0,0,0,0,0,0,0,0,0,0,0,0,0,0,0,0,0,0,0,0,0,0,0,0,0,0,0,0
0,,,,,,,,,,,,0,,,,,,,,,,,,,,,,,,,,,187,문화일보,1522-3232,,02-732-1847,01,서울,0119,중구,서울특별시 중구 충정로1가 68 문화일보(문화일보사건물),,N,T05@T08@T16@T17@T20@T21@T30@T32@@T36@T43@T52@@T57@T64@T65@T69@T71@P80,0,,,,0,.88,-1,-1,-1,30,,0,9247,N,,0,,,/upload/store/2019/09/[9247]_20190910014257_cdjjb.jpg,,,,,,0,,,0,,,,,,,,1,60,20020627,0,,,,,,서울특별시 중구 새문안로 22 (충정로1가) 문화일보,,N,,,,,0,,A01,,,,,37.56712291,126.9686642,0,0,0,0,0,0,0,0,0,0,0,0,0,0,0,0,0,0,0,0,0,0,0,0,0,0,0,0,0,0,0
0,,,,,,,,,,,,0,,,,,,,,,,,,,,,,,,,,,1472,연합뉴스,1522-3232,,02-730-3743,01,서울,0118,종로구,서울특별시 종로구 수송동 110 연합뉴스빌딩,,,T05@T16@T17@T20@T21@T30@T32@T36@@@@T43@T52@@T56@T57@T65@T69@T71@T09,0,,,,0,.88,-1,-1,-1,30,,0,3742,N,,0,,,/upload/store/2025/10/3742_20251019035609_vs5up.jpg,,,,,,0,,,0,,,,,,,,1,60,20190227,0,,,,,,서울특별시 종로구 율곡로2길 25 (수송동),,N,,,,,0,,A01,,,,,37.57462713751161,126.98047541991131,0,0,0,0,0,0,0,0,0,0,0,0,0,0,0,0,0,0,0,0,0,0,0,0,0,0,0,0,0,0,0
0,,,,,,,,,,,,0,,,,,,,,,,,,,,,,,,,,,572,종로관수,1522-3232,,02-2268-8560,01,서울,0118,종로구,서울특별시 종로구 관수동 3-5번지,,Y,Z9999@T05@T08@T16@T17@T20@T21@T30@T32@@T36@@T52@T57@T64@T65@T69,0,,,,0,.94,-1,-1,-1,30,,0,9760,N,,0,,,/upload/store/2022/01/[9760]_20220104113821_hmg36.jpg,,,,,,0,,,0,,,,,,,,1,60,20121221,0,,,,,,서울특별시 종로구 삼일대로20길 13 (관수동),,N,,,,,0,,A01,,,,,37.56971102439499,126.98863522829857,0,0,0,0,0,0,0,0,0,0,0,0,0,0,0,0,0,0,0,0,0,0,0,0,0,0,0,0,0,0,0
0,,,,,,,,,,,,0,,,,,,,,,,,,,,,,,,,,,164,인사,1522-3232,,02-733-1823,01,서울,0118,종로구,서울특별시 종로구 인사동 39,,N,Z9999@T05@T08@T16@T17@T20@T30@T32@@@T36@@T52@T56@T57@T64@T65@T69@P90,0,,,,0,.94,-1,-1,-1,30,,0,9222,N,,0,,,/upload/store/2025/04/[9222]_20250401062954_3tjad.jpg,,,,,,0,,,0,,,,,,,,1,60,20010810,0,,,,,,서울특별시 종로구 인사동길 14 (인사동),,N,WHCROAD,,,,0,,A01,,,,,37.57220884263517,126.98679819956659,0,0,0,0,0,0,0,0,0,0,0,0,0,0,0,0,0,0,0,0,0,0,0,0,0,0,0,0,0,0,0
0,,,,,,,,,,,,0,,,,,,,,,,,,,,,,,,,,,1830,포포인츠명동,1522-3232,,--,01,서울,0119,중구,서울특별시 중구 저동2가 89 포포인츠바이쉐라톤서울명동,,,T30@@T32@T34@@@T36@T51@T57@T65@T66@T69@P80,0,,,,0,.95,-1,-1,-1,30,,0,4143,N,,0,,,/upload/store/2021/07/[4143]_20210708062212_yxeud.jpg,,,,,,0,,,0,,,,,,,,1,60,20210708,0,,,,,,서울특별시 중구 삼일대로10길 36 (저동2가),,N,WHCROAD,,,,0,,A01,,,,,37.5657211,126.9893426,0,0,0,0,0,0,0,0,0,0,0,0,0,0,0,0,0,0,0,0,0,0,0,0,0,0,0,0,0,0,0
0,,,,,,,,,,,,0,,,,,,,,,,,,,,,,,,,,,1942,청계크리스탈스퀘어,1522-3232,,02-6255-8191,01,서울,0119,중구,서울특별시 중구 수표동 47-1,,,Z9999@T05@T08@T16@T17@T20@T21@T30@T32@T34@@T36@T51@T52@T56@T57@T64@T65@T69@P80@T09,0,,,,0,.95,-1,-1,-1,30,,0,4247,N,,0,,,/upload/store/2022/03/[4247]_20220318071346_vtrqe.jpg,,,,,,0,,,0,,,,,,,,1,60,20220318,0,,,,,,서울특별시 중구 청계천로 106 (수표동),,N,WHCROAD,,,,0,,A01,,,,,37.5679,126.98933,0,0,0,0,0,0,0,0,0,0,0,0,0,0,0,0,0,0,0,0,0,0,0,0,0,0,0,0,0,0,0
0,,,,,,,,,,,,0,,,,,,,,,,,,,,,,,,,,,1720,명동남산,1522-3232,,02-3789-3835,01,서울,0119,중구,서울특별시 중구 남산동3가 13-31 경양빌딩,,,Z9999@T05@T08@T16@T17@T20@T30@T32@T34@T36@@T52@T56@T57@T64@T65@T69@P80@P90,0,,,,0,.96,-1,-1,-1,30,,0,3937,N,,0,,,/upload/store/2020/10/[3937]_20201013060629_m9ixr.png,,,,,,0,,,0,,,,,,,,1,60,20201015,0,,,,,,서울특별시 중구 퇴계로 132 (남산동3가),,N,,,,,0,,A01,,,,,37.560809,126.986397,0,0,0,0,0,0,0,0,0,0,0,0,0,0,0,0,0,0,0,0,0,0,0,0,0,0,0,0,0,0,0
0,,,,,,,,,,,,0,,,,,,,,,,,,,,,,,,,,,71,순화동더샵,1522-3232,,02-3789-8209,01,서울,0119,중구,서울특별시 중구 순화동 151번지  1층,,N,T05@T08@T16@T17@T20@T21@T30@T32@T36@@@T52@T56@T57@T64@T65@T69@T09,0,,,,0,.96,-1,-1,-1,30,,0,9409,N,,0,,,/upload/store/2024/06/[9409]_20240626114259_mzz11.jpg,,,,,,0,,,0,,,,,,,,1,60,20070615,0,,,,,,"서울특별시 중구 칠패로 27, 1층 (순화동)",,N,WHCROAD,,,,0,,A01,,,,,37.56006304299174,126.97181526611798,0,0,0,0,0,0,0,0,0,0,0,0,0,0,0,0,0,0,0,0,0,0,0,0,0,0,0,0,0,0,0
0,,,,,,,,,,,,0,,,,,,,,,,,,,,,,,,,,,289,남산단암,1522-3232,,02-771-8306,01,서울,0119,중구,서울특별시 중구 남대문로5가 단암빌딩 120번지,,N,T05@T08@T16@T17@T20@T30@T32@T34@@@T36@@T51@T52@T56@T57@@T65@T69@P80@P90,0,,,,0,.96,-1,-1,-1,30,,0,9506,N,,0,,,/upload/store/2022/03/[9506]_20220329112741_f4cua.jpg,,,,,,0,,,0,,,,,,,,1,60,20090929,0,,,,,,"서울특별시 중구 소월로 10, 단암빌딩 (남대문로5가)",,N,WHCROAD,,,,0,,A01,,,,,37.55853622,126.9754585,0,0,0,0,0,0,0,0,0,0,0,0,0,0,0,0,0,0,0,0,0,0,0,0,0,0,0,0,0,0,0
0,,,,,,,,,,,,0,,,,,,,,,,,,,,,,,,,,,1333,정부서울청사R,1522-3232,,02-722-3550,01,서울,0118,종로구,서울특별시 종로구 적선동 156 광화문플래티넘,,,Z9999@T03@T05@T08@T16@T17@T20@T21@T26@T29@T30@T32@@T34@T36@@@@T37@T39@T41@T42@@T43@T52@T56@T57@T64@T65@T69@T71@P80@P90,0,,,,0,.97,-1,-1,-1,30,,0,3549,N,,0,,,/upload/store/2023/03/[3549]_20230322092801_qbg5a.jpg,,,,,,0,,,0,,,,,,,,1,60,20180122,0,,,,,,서울특별시 종로구 새문안로5가길 28 (적선동),,N,WHCROAD,,,,0,,A01,,,,,37.574621312530724,126.97367761929035,0,0,0,0,0,0,0,0,0,0,0,0,0,0,0,0,0,0,0,0,0,0,0,0,0,0,0,0,0,0,0
0,,,,,,,,,,,,0,,,,,,,,,,,,,,,,,,,,,383,경복궁사거리,1522-3232,,02-6016-6880,01,서울,0118,종로구,서울특별시 종로구 중학동 14번지 트윈트리타워B동 101호,,Y,T05@T08@T16@T17@@T20@T21@T30@T32@T34@T36@@T51@T52@T56@T57@T63@T64@T65@T69@P90@T09,0,,,,0,.99,-1,-1,-1,30,,0,9586,N,,0,,,/upload/store/2024/08/[9586]_20240802041613_g44e5.jpg,,,,,,0,,,0,,,,,,,,1,60,20110414,0,,,,,,"서울특별시 종로구 율곡로 6, B동 101호(중학동, 트윈트리타워)",,N,WHCROAD,,,,0,,A01,,,,,37.575615939508076,126.9802374336133,0,0,0,0,0,0,0,0,0,0,0,0,0,0,0,0,0,0,0,0,0,0,0,0,0,0,0,0,0,0,0
0,,,,,,,,,,,,0,,,,,,,,,,,,,,,,,,,,,2363,서대문적십자,1522-3232,,--,01,서울,0118,종로구,서울특별시 종로구 평동 164 서울적십자병원 별관 상가동 1층 B호,,,T05@T08@T16@T17@T20@T21@T30@T32@T34@T36@T43@T51@T52@T56@T57@T64@T65@T66@T69@T71@P70@P80,0,,,,0,1,-1,-1,-1,30,,0,4629,N,,0,,,/upload/store/2024/12/[4629]_20241225035836_520fe.PNG,,,,,,0,,,0,,,,,,,,1,60,20241226,0,,,,,,서울특별시 종로구 새문안로 9 (평동) 서울적십자병원 별관 상가동 1층 B호,,N,WHCROAD,,,,0,,A01,,,,,37.56678781817199,126.96730492051981,0,0,0,0,0,0,0,0,0,0,0,0,0,0,0,0,0,0,0,0,0,0,0,0,0,0,0,0,0,0,0
0,,,,,,,,,,,,0,,,,,,,,,,,,,,,,,,,,,1833,강북삼성병원1층,1522-3232,,--,01,서울,0118,종로구,서울특별시 종로구 평동 108-1외 12필지 강북삼성병원 효석관(본관) 1층,,,@T20@T21@T30@T32@T34@@T36@T51@T52@T56@T57@T64@T65@T69@T74@P70,0,,,,0,1,-1,-1,-1,30,,0,4131,N,,0,,,/upload/store/2021/07/[4131]_20210712053440_f6jqc.jpg,,,,,,0,,,0,,,,,,,,1,60,20210713,0,,,,,,서울특별시 종로구 새문안로 29 (평동) A관 1층,,N,,,,,0,,A01,,,,,37.568546,126.96756,0,0,0,0,0,0,0,0,0,0,0,0,0,0,0,0,0,0,0,0,0,0,0,0,0,0,0,0,0,0,0
0,,,,,,,,,,,,0,,,,,,,,,,,,,,,,,,,,,189,적선,1522-3232,,02-738-1850,01,서울,0118,종로구,"서울특별시 종로구 적선동 66, 노스게이트빌딩 1층",,N,Z9999@T05@T08@T12@T16@T17@T20@T21@T30@T32@T34@@@@T36@T52@T56@T57@T64@T65@T69@P80@P90@T09,0,,,,0,1.02,-1,-1,-1,30,,0,9250,N,,0,,,/upload/store/2022/11/[9250]_20221127085704_1217s.jpg,,,,,,0,,,0,,,,,,,,1,60,20020915,0,,,,,,"서울특별시 종로구 새문안로5길 55, 노스게이트빌딩 1층 (적선동)",,N,WHCROAD,,,,0,,A01,,,,,37.57529940979838,126.97412453401081,0,0,0,0,0,0,0,0,0,0,0,0,0,0,0,0,0,0,0,0,0,0,0,0,0,0,0,0,0,0,0
0,,,,,,,,,,,,0,,,,,,,,,,,,,,,,,,,,,219,숭례문,1522-3232,,02-752-3887,01,서울,0119,중구,서울특별시 중구 남대문로5가 6-1번지 그레이츠 숭례 1층,,N,Z9999@T05@T08@T16@T17@T20@T21@T30@T32@T34@@T36@T43@T51@T52@@T56@T57@T64@T65@T69@T71@P80@T09,0,,,,0,1.02,-1,-1,-1,30,,0,9287,N,,0,,,/upload/store/2021/06/[9287]_20210604010845_rw0sx.jpg,,,,,,0,,,0,,,,,,,,1,60,20040329,0,,,,,,"서울특별시 중구 세종대로 17, 그레이츠 숭례 1층 (남대문로5가)",,N,WHCROAD,,,,0,,A01,,,,,37.55874473,126.9730952,0,0,0,0,0,0,0,0,0,0,0,0,0,0,0,0,0,0,0,0,0,0,0,0,0,0,0,0,0,0,0
0,,,,,,,,,,,,0,,,,,,,,,,,,,,,,,,,,,1692,그랜드센트럴,1522-3232,,02-6411-6471,01,서울,0119,중구,서울특별시 중구 남대문로5가 253,,,Z9999@T05@T08@T16@T17@T20@T21@T30@T32@T34@@T36@@T52@T56@T57@T64@T65@T69@T73@P80@T09,0,,,,0,1.04,-1,-1,-1,30,,0,3978,N,,0,,,/upload/store/2020/09/[3978]_20200910100421_f189f.jpg,,,,,,0,,,0,,,,,,,,1,60,20200820,0,,,,,,서울특별시 중구 세종대로 14 (남대문로5가),,N,WHCROAD,,,,0,,A01,,,,,37.5581293,126.9742637,0,0,0,0,0,0,0,0,0,0,0,0,0,0,0,0,0,0,0,0,0,0,0,0,0,0,0,0,0,0,0
0,,,,,,,,,,,,0,,,,,,,,,,,,,,,,,,,,,1622,강북삼성병원,1522-3232,,.-.-.,01,서울,0118,종로구,서울특별시 종로구 평동 108-1외 19필지 강북삼성병원 C동 미래의학관 5층,,,T05@T08@T16@T17@T20@T21@T30@T32@T34@T36@T52@T57@T64@T65@T69@P70,0,,,,0,1.05,-1,-1,-1,30,,0,3860,N,,0,,,/upload/store/2020/03/[3860]_20200318010145_0t1jh.jpg,,,,,,0,,,0,,,,,,,,1,60,20200319,0,,,,,,서울특별시 종로구 새문안로 29 (평동) C관 5층,,N,WHCROAD,,,,0,,A01,,,,,37.568319409900404,126.96694203403295,0,0,0,0,0,0,0,0,0,0,0,0,0,0,0,0,0,0,0,0,0,0,0,0,0,0,0,0,0,0,0
0,,,,,,,,,,,,0,,,,,,,,,,,,,,,,,,,,,874,중구저동,1522-3232,,02-369-6607,01,서울,0119,중구,서울특별시 중구 저동2가 24-1,,Y,Z9999@T05@T08@T16@T17@T20@T21@T30@T32@T36@@T43@T52@T56@T57@T64@T65@T69@T71@P80@P90@T09,0,,,,0,1.07,-1,-1,-1,30,,0,3057,N,,0,,,/upload/store/2020/09/[3057]_20200929060920_9okr9.png,,,,,,0,,,0,,,,,,,,1,60,20141223,0,,,,,,서울특별시 중구 수표로 34 (저동2가),,N,WHCROAD,,,,0,,A01,,,,,37.5643686,126.9903382,0,0,0,0,0,0,0,0,0,0,0,0,0,0,0,0,0,0,0,0,0,0,0,0,0,0,0,0,0,0,0
0,,,,,,,,,,,,0,,,,,,,,,,,,,,,,,,,,,330,종로3가,1522-3232,,02-741-8339,01,서울,0118,종로구,서울특별시 종로구 종로3가 9-3번지 1-4층,,N,Z9999@T05@T08@T16@T17@T20@T21@T30@T32@T34@@@T36@T43@T51@T52@T57@T65@T69@T71@P80@P90,0,,,,0,1.1,-1,-1,-1,30,,0,9539,N,,0,,,/upload/store/2021/09/[9539]_20210908010956_flr59.jpg,,,,,,0,,,0,,,,,,,,1,60,20100723,0,,,,,,"서울특별시 종로구 종로 113-1, 1-4층 (종로3가)",,N,WHCROAD,,,,0,,A01,,,,,37.57056485920516,126.99021701586494,0,0,0,0,0,0,0,0,0,0,0,0,0,0,0,0,0,0,0,0,0,0,0,0,0,0,0,0,0,0,0
0,,,,,,,,,,,,0,,,,,,,,,,,,,,,,,,,,,1794,서대문역,1522-3232,,02-6390-5851,01,서울,0118,종로구,서울특별시 종로구 평동 222 디타워(돈의문),,,Z9999@T05@T08@T16@T17@T20@T21@T30@T32@T34@T36@@T51@T52@T56@T57@T64@T65@T69@P80@P90,0,,,,0,1.11,-1,-1,-1,30,,0,4071,N,,0,,,/upload/store/2021/04/[4071]_20210424082345_qlot1.jpg,,,,,,0,,,0,,,,,,,,1,60,20210428,0,,,,,,서울특별시 종로구 통일로 134 (평동),,N,,,,,0,,A01,,,,,37.566875328512566,126.96611072100501,0,0,0,0,0,0,0,0,0,0,0,0,0,0,0,0,0,0,0,0,0,0,0,0,0,0,0,0,0,0,0
0,,,,,,,,,,,,0,,,,,,,,,,,,,,,,,,,,,1101,연세세브란스,1522-3232,,02-2259-3332,01,서울,0119,중구,서울특별시 중구 남대문로5가 84-11 연세세브란스빌딩,,,Z9999@T05@T08@T16@T17@T20@T21@T30@T32@T34@T36@@T52@T56@T57@T64@T65@T69@P80,0,,,,0,1.16,-1,-1,-1,30,,0,3331,N,,0,,,/upload/store/2022/10/[3331]_20221017033457_7m8n0.jpg,,,,,,0,,,0,,,,,,,,1,60,20160818,0,,,,,,서울특별시 중구 통일로 10 (남대문로5가),,N,WHCROAD,,,,0,,A01,,,,,37.557207,126.97354,0,0,0,0,0,0,0,0,0,0,0,0,0,0,0,0,0,0,0,0,0,0,0,0,0,0,0,0,0,0,0
0,,,,,,,,,,,,0,,,,,,,,,,,,,,,,,,,,,111,스페이스본,1522-3232,,02-730-8235,01,서울,0118,종로구,서울특별시 종로구 사직동 9 광화문 풍림스페이스본,,N,T05@T08@T16@T17@T20@T21@T30@@@T36@T43@T52@@T57@T65@T69@T71@T09,0,,,,0,1.23,-1,-1,-1,30,,0,9435,N,,0,,,/upload/store/2024/03/[9435]_20240325031712_6wxcz.jpg,,,,,,0,,,0,,,,,,,,1,60,20080130,0,,,,,,서울특별시 종로구 사직로8길 4 (사직동) 광화문 풍림스페이스본,,N,WHCROAD,,,,0,,A01,,,,,37.57493107689841,126.96921731857209,0,0,0,0,0,0,0,0,0,0,0,0,0,0,0,0,0,0,0,0,0,0,0,0,0,0,0,0,0,0,0
0,,,,,,,,,,,,0,,,,,,,,,,,,,,,,,,,,,351,경복궁역,1522-3232,,02-720-8359,01,서울,0118,종로구,서울특별시 종로구 통의동 35-41 1층,,N,Z9999@T05@T08@T16@T17@T20@T21@T30@T32@T34@T36@@@@T51@T52@T56@T57@T65@T69@P80@T09,0,,,,0,1.26,-1,-1,-1,30,,0,9559,N,,0,,,/upload/store/2023/09/[9559]_20230912044308_bxenk.jpg,,,,,,0,,,0,,,,,,,,1,60,20101119,0,,,,,,"서울특별시 종로구 자하문로4길 6, 1층 (통의동)",,N,WHCROAD,,,,0,,A01,,,,,37.5771508,126.97274530000004,0,0,0,0,0,0,0,0,0,0,0,0,0,0,0,0,0,0,0,0,0,0,0,0,0,0,0,0,0,0,0
0,,,,,,,,,,,,0,,,,,,,,,,,,,,,,,,,,,33,경기대,1522-3232,,02-365-1963,01,서울,0111,서대문구,서울특별시 서대문구 충정로2가 191,,N,@T05@T08@T16@T17@T20@T21@T30@T32@T36@@@@T43@T51@T52@@T56@T57@T64@T65@T69@T71@P20@P80@P90@T09,0,,,,0,1.29,-1,-1,-1,30,,0,9363,N,,0,,,/upload/store/2022/06/[9363]_20220607095023_qgduj.jpg,,,,,,0,,,0,,,,,,,,1,60,20060517,0,,,,,,서울특별시 서대문구 충정로 53 (충정로2가),,N,WHCROAD,,,,0,,A01,,,,,37.56367995,126.9646045,0,0,0,0,0,0,0,0,0,0,0,0,0,0,0,0,0,0,0,0,0,0,0,0,0,0,0,0,0,0,0
0,,,,,,,,,,,,0,,,,,,,,,,,,,,,,,,,,,791,안국,1522-3232,,02-743-8779,01,서울,0118,종로구,서울특별시 종로구 재동 109,,Y,Z9999@T05@T08@T16@T17@T20@T30@T32@@T36@@T43@T51@T52@@T56@T57@T65@T69@T71@P80@P90,0,,,,0,1.33,-1,-1,-1,30,,0,9979,N,,0,,,/upload/store/2021/11/[9979]_20211112024607_kr73w.jpg,,,,,,0,,,0,,,,,,,,1,60,20140619,0,,,,,,서울특별시 종로구 북촌로 5-1 (재동),,N,,,,,0,,A01,,,,,37.577393946851735,126.98576427427058,0,0,0,0,0,0,0,0,0,0,0,0,0,0,0,0,0,0,0,0,0,0,0,0,0,0,0,0,0,0,0
0,,,,,,,,,,,,0,,,,,,,,,,,,,,,,,,,,,2192,충무로,1522-3232,,02-2264-4458,01,서울,0119,중구,서울특별시 중구 필동1가 43-1,,,Z9999@T05@T08@T16@T17@T20@T30@T32@T34@@T36@T51@T52@T56@T57@T64@T65@T69@P80,0,,,,0,1.38,-1,-1,-1,30,,0,4457,N,,0,,,/upload/store/2023/09/[4457]_20230919040518_bjv7s.jpg,,,,,,0,,,0,,,,,,,,1,60,20230922,0,,,,,,서울특별시 중구 충무로 3 (필동1가),,N,,,,,0,,A01,,,,,37.5614959808102,126.992823097196,0,0,0,0,0,0,0,0,0,0,0,0,0,0,0,0,0,0,0,0,0,0,0,0,0,0,0,0,0,0,0
0,,,,,,,,,,,,0,,,,,,,,,,,,,,,,,,,,,487,충정로역,1522-3232,,02-312-8479,01,서울,0111,서대문구,서울특별시 서대문구 충정로3가 95-1,,Y,T05@T08@T16@T17@T20@T21@T30@T32@T34@@@T36@T51@T52@T56@T57@T64@T65@T69@P80@T09,0,,,,0,1.49,-1,-1,-1,30,,0,9679,N,,0,,,/upload/store/2025/09/9679_20250924022945_5nu6i.JPG,,,,,,0,,,0,,,,,,,,1,60,20120228,0,,,,,,서울특별시 서대문구 충정로 23,,N,WHCROAD,,,,0,,A01,,,,,37.56137,126.963219,0,0,0,0,0,0,0,0,0,0,0,0,0,0,0,0,0,0,0,0,0,0,0,0,0,0,0,0,0,0,0
0,,,,,,,,,,,,0,,,,,,,,,,,,,,,,,,,,,326,충정타워,1522-3232,,02-365-8333,01,서울,0111,서대문구,서울특별시 서대문구 충정로3가 464번지 충정타워 1층,,N,Z9999@T05@T08@T16@T17@T20@T21@T30@T32@T34@@@T36@@T43@T51@T52@T56@T57@T64@T65@T69@T71@P80@P90@T09,0,,,,0,1.5,-1,-1,-1,30,,0,9533,N,,0,,,/upload/store/2023/06/[9533]_20230615054748_8i6a0.jpg,,,,,,0,,,0,,,,,,,,1,60,20100715,0,,,,,,"서울특별시 서대문구 서소문로 21, 충정타워빌딩 1층 (충정로3가)",,N,WHCROAD,,,,0,,A01,,,,,37.559869,126.96411,0,0,0,0,0,0,0,0,0,0,0,0,0,0,0,0,0,0,0,0,0,0,0,0,0,0,0,0,0,0,0
0,,,,,,,,,,,,0,,,,,,,,,,,,,,,,,,,,,1798,서울역사,1522-3232,,02-313-4085,01,서울,0124,용산구,서울특별시 용산구 동자동 43-205 서울역(철도역),,,Z9999@T08@T16@T17@T20@T30@T32@T34@T36@T51@T52@T56@T57@T64@T65@T69@P60@P80@P90,0,,,,0,1.53,-1,-1,-1,30,,0,4080,N,,0,,,/upload/store/2021/04/[4080]_20210421054045_1ylcl.jpg,,,,,,0,,,0,,,,,,,,1,60,20210422,0,,,,,,서울특별시 용산구 한강대로 405 (동자동) 신-101호,,N,WHCROAD,,,,0,,A01,,,,,37.55415699928705,126.97179361292846,0,0,0,0,0,0,0,0,0,0,0,0,0,0,0,0,0,0,0,0,0,0,0,0,0,0,0,0,0,0,0
0,,,,,,,,,,,,0,,,,,,,,,,,,,,,,,,,,,843,북촌로,1522-3232,,02-766-8827,01,서울,0118,종로구,서울특별시 종로구 계동 101-14 1~3층,,Y,T05@T08@T16@T17@T20@T21@T30@T32@T34@@T36@@@T43@T51@T52@@T56@T57@T65@T69@T71@P90,0,,,,0,1.56,-1,-1,-1,30,,0,3027,N,,0,,,/upload/store/2022/12/[3027]_20221203123705_zzeeb.jpg,,,,,,0,,,0,,,,,,,,1,60,20141021,0,,,,,,서울특별시 종로구 북촌로4길 23 (계동),,N,,,,,0,,A01,,,,,37.579419015932245,126.98648560012543,0,0,0,0,0,0,0,0,0,0,0,0,0,0,0,0,0,0,0,0,0,0,0,0,0,0,0,0,0,0,0
0,,,,,,,,,,,,0,,,,,,,,,,,,,,,,,,,,,1655,서울역서부,1522-3232,,02-713-3919,01,서울,0124,용산구,서울특별시 용산구 서계동 219-17 서울역풍림아이원플러스,,,Z9999@T05@T08@T16@T17@T20@T21@T30@T32@T34@@T43@T52@@T56@T57@T64@T65@T69@T71@P60@P80@P90,0,,,,0,1.58,-1,-1,-1,30,,0,3918,N,,0,,,/upload/store/2020/06/[3918]_20200607095958_il14f.jpg,,,,,,0,,,0,,,,,,,,1,60,20200611,0,,,,,,서울특별시 용산구 만리재로 202 (서계동),,N,,,,,0,,A01,,,,,37.555165,126.968446,0,0,0,0,0,0,0,0,0,0,0,0,0,0,0,0,0,0,0,0,0,0,0,0,0,0,0,0,0,0,0
0,,,,,,,,,,,,0,,,,,,,,,,,,,,,,,,,,,1320,독립문역,1522-3232,,02-737-3545,01,서울,0118,종로구,서울특별시 종로구 교북동 126 경희궁자이 4단지 1층 팰리스애비뉴 4114~4119호,,,Z9999@T05@T08@T12@T16@T17@T20@T21@T30@T32@@@@T36@T52@T56@T57@T64@T65@T69@P40,0,,,,0,1.62,-1,-1,-1,30,,0,3544,N,,0,,,/upload/store/2018/01/[3544]_20180109114112_szwai.jpg,,,,,,0,,,0,,,,,,,,1,60,20180109,0,,,,,,서울특별시 종로구 송월길 155 경희궁자이 4단지 1층 팰리스애비뉴 4114~4119호,,N,WHCROAD,,,,0,,A01,,,,,37.571432,126.961269,0,0,0,0,0,0,0,0,0,0,0,0,0,0,0,0,0,0,0,0,0,0,0,0,0,0,0,0,0,0,0
0,,,,,,,,,,,,0,,,,,,,,,,,,,,,,,,,,,1569,을지로4가역,1522-3232,,02-3706-7382,01,서울,0119,중구,"서울특별시 중구 을지로4가 323 118호,119호,202호 일부",,,Z9999@T05@T08@T16@T17@T20@T21@T30@T32@T34@@T36@T52@T56@T57@T64@T65@T69@P80@P90@T09,0,,,,0,1.67,-1,-1,-1,30,,0,3821,N,,0,,,/upload/store/2019/11/[3821]_20191113072537_a2shm.jpg,,,,,,0,,,0,,,,,,,,1,60,20191114,0,,,,,,서울특별시 중구 을지로 170 (을지로4가),,N,WHCROAD,,,,0,,A01,,,,,37.56634407411786,126.99753246143461,0,0,0,0,0,0,0,0,0,0,0,0,0,0,0,0,0,0,0,0,0,0,0,0,0,0,0,0,0,0,0
0,,,,,,,,,,,,0,,,,,,,,,,,,,,,,,,,,,746,서울역동자동,1522-3232,,02-6388-7941,01,서울,0124,용산구,서울특별시 용산구 동자동 45 센트레빌아스테리움서울 KDB생명타워 D동,,Y,Z9999@T05@T08@T16@T17@T20@T21@T30@T32@T34@T36@@T43@T51@T52@T56@T57@T64@T65@T69@T71@T73@P60@P80@T09,0,,,,0,1.76,-1,-1,-1,30,,0,9934,N,,0,,,/upload/store/2026/02/9934_20260202044230_q3h1y.jpg,,,,,,0,,,0,,,,,,,,1,60,20140317,0,,,,,,서울특별시 용산구 한강대로 372 (동자동),,N,WHCROAD,,,,0,,A01,,,,,37.551752,126.972694,0,0,0,0,0,0,0,0,0,0,0,0,0,0,0,0,0,0,0,0,0,0,0,0,0,0,0,0,0,0,0
0,,,,,,,,,,,,0,,,,,,,,,,,,,,,,,,,,,1838,종로플레이스,1522-3232,,02-743-4097,01,서울,0118,종로구,서울특별시 종로구 인의동 28-2 종로플레이스,,,T05@T08@T16@T17@T20@T21@T30@T32@T34@T36@T51@T52@T56@T57@T64@T65@T69@T09,0,,,,0,1.83,-1,-1,-1,30,,0,4096,N,,0,,,/upload/store/2021/07/[4096]_20210727125114_ntqgx.jpg,,,,,,0,,,0,,,,,,,,1,60,20210728,0,,,,,,서울특별시 종로구 창경궁로 120 (인의동),,N,WHCROAD,,,,0,,A01,,,,,37.57305,126.9979,0,0,0,0,0,0,0,0,0,0,0,0,0,0,0,0,0,0,0,0,0,0,0,0,0,0,0,0,0,0,0
0,,,,,,,,,,,,0,,,,,,,,,,,,,,,,,,,,,109,주얼리시티,1522-3232,,02-6744-4883,01,서울,0118,종로구,서울특별시 종로구 인의동 48-2 효성주얼리시티,,N,Z9999@T05@T08@T16@T17@T20@T21@T30@T32@@T36@@@T52@T56@T57@T64@T65@T69@P40,0,,,,0,1.84,-1,-1,-1,30,,0,9382,N,,0,,,/upload/store/2017/03/[9382]_20170322045541_lcubs.JPG,,,,,,0,,,0,,,,,,,,1,60,20061123,0,,,,,,서울특별시 종로구 종로 183 (인의동) 효성주얼리시티,,N,WHCROAD,,,,0,,A01,,,,,37.5714829206881,126.998666645245,0,0,0,0,0,0,0,0,0,0,0,0,0,0,0,0,0,0,0,0,0,0,0,0,0,0,0,0,0,0,0
0,,,,,,,,,,,,0,,,,,,,,,,,,,,,,,,,,,1367,동국대,1522-3232,,02-2269-3297,01,서울,0119,중구,서울특별시 중구 충무로5가 90,,,T05@T08@T16@T17@T20@T21@T30@T32@@@T36@T43@T52@T56@T57@T65@T69@T71@P20@P70@P90@T09,0,,,,0,1.84,-1,-1,-1,30,,0,3296,N,,0,,,/upload/store/2018/05/[3296]_20180527051608_2c8sr.jpg,,,,,,0,,,0,,,,,,,,1,60,20180524,0,,,,,,서울특별시 중구 서애로 1길 11,,N,,,,,0,,A01,,,,,37.561542,126.998437,0,0,0,0,0,0,0,0,0,0,0,0,0,0,0,0,0,0,0,0,0,0,0,0,0,0,0,0,0,0,0
0,,,,,,,,,,,,0,,,,,,,,,,,,,,,,,,,,,2414,광장마켓,1522-3232,,--,01,서울,0118,종로구,서울특별시 종로구 예지동 2-1,,,Z9999@T05@T08@T12@T16@T17@T20@T22@T30@T32@T34@T36@T51@T56@T57@T65@T68@T69,0,,,,0,1.94,-1,-1,-1,30,,0,4646,N,,0,,,/upload/store/2025/05/4646_20250526012040_s1vex.jpg,,,,,,0,,,0,,,,,,,,1,60,20250529,0,,,,,,서울특별시 종로구 창경궁로 88 (예지동),,N,,,,,0,,A01,,,,,37.57020711871311,127.00020658213105,0,0,0,0,0,0,0,0,0,0,0,0,0,0,0,0,0,0,0,0,0,0,0,0,0,0,0,0,0,0,0
0,,,,,,,,,,,,0,,,,,,,,,,,,,,,,,,,,,1040,서울타워,1522-3232,,02-319-3247,01,서울,0124,용산구,서울특별시 용산구 용산동2가 산1-3 YTN서울타워,,,T05@T08@T20@T30@T32@@T36@T52@T57@T65@T69@P40,0,,,,0,1.94,-1,-1,-1,30,,0,3246,N,,0,,,/upload/store/2016/02/[3246]_20160229095112_lww8m.jpg,,,,,,0,,,0,,,,,,,,1,60,20160229,0,,,,,,서울특별시 용산구 남산공원길 105 (용산동2가) YTN서울타워 1층,,N,WHCROAD,,,,0,,A01,,,,,37.551102,126.988317,0,0,0,0,0,0,0,0,0,0,0,0,0,0,0,0,0,0,0,0,0,0,0,0,0,0,0,0,0,0,0
0,,,,,,,,,,,,0,,,,,,,,,,,,,,,,,,,,,788,삼청동,1522-3232,,02-720-8771,01,서울,0118,종로구,서울특별시 종로구 삼청동 112,,Y,T05@T08@T16@T17@T20@T30@T32@@@@T36@T43@T52@@T56@T57@T65@T69@T71,0,,,,0,2.09,-1,-1,-1,30,,0,9971,N,,0,,,/upload/store/2015/07/[9971]_20150730102436392.jpg,,,,,,0,,,0,,,,,,,,1,60,20140612,0,,,,,,서울특별시 종로구 삼청로 111-1 (삼청동),,N,WHCROAD,,,,0,,A01,,,,,37.58541226323984,126.98191331140823,0,0,0,0,0,0,0,0,0,0,0,0,0,0,0,0,0,0,0,0,0,0,0,0,0,0,0,0,0,0,0
0,,,,,,,,,,,,0,,,,,,,,,,,,,,,,,,,,,1231,아현역,1522-3232,,02-312-3431,01,서울,0111,서대문구,서울특별시 서대문구 북아현동 136-21 e편한세상신촌 4단지,,,Z9999@T05@T08@T20@T21@T30@T32@@T36@@@T52@T56@T57@T65@T69@P80@P90@T09,0,,,,0,2.2,-1,-1,-1,30,,0,3430,N,,0,,,/upload/store/2017/06/[3430]_20170609080339_tszzd.JPG,,,,,,0,,,0,,,,,,,,1,60,20170609,0,,,,,,"서울특별시 서대문구 신촌로35길 10 (북아현동, e편한세상신촌 4단지)",,N,WHCROAD,,,,0,,A01,,,,,37.558245014814666,126.95616914989028,0,0,0,0,0,0,0,0,0,0,0,0,0,0,0,0,0,0,0,0,0,0,0,0,0,0,0,0,0,0,0
0,,,,,,,,,,,,0,,,,,,,,,,,,,,,,,,,,,1729,서울대치과병원,1522-3232,,02-742-3987,01,서울,0118,종로구,서울특별시 종로구 연건동 275-1 서울대학교 치과병원 신관1층,,,T05@T08@T12@T16@T17@T20@T30@T32@T34@@T36@@T52@T56@T57@T65@T69@T73@P40@P70@P90,0,,,,0,2.24,-1,-1,-1,30,,0,3986,N,,0,,,/upload/store/2020/12/[3986]_20201202062642_9chp1.jpg,,,,,,0,,,0,,,,,,,,1,60,20201203,0,,,,,,서울특별시 종로구 대학로 101 서울대학교 치과병원 신관1층,,N,WHCROAD,,,,0,,A01,,,,,37.577331,127.000348,0,0,0,0,0,0,0,0,0,0,0,0,0,0,0,0,0,0,0,0,0,0,0,0,0,0,0,0,0,0,0
0,,,,,,,,,,,,0,,,,,,,,,,,,,,,,,,,,,578,대학로,1522-3232,,.-.-.,01,서울,0118,종로구,서울특별시 종로구 연건동 128-8 홍익대학교 대학로캠퍼스 內,,Y,Z9999@T05@T08@T12@T16@T17@T20@T21@T30@T32@T34@T36@@@T51@T52@T56@T57@T64@T65@T69@T09,0,,,,0,2.28,-1,-1,-1,30,,0,9758,N,,0,,,/upload/store/2022/10/[9758]_20221013121926_ifppe.jpg,,,,,,0,,,0,,,,,,,,1,60,20130115,0,,,,,,"서울특별시 종로구 대학로 57, 홍익대학교 대학로캠퍼스 內 (연건동)",,N,WHCROAD,,,,0,,A01,,,,,37.5764916392943,127.001470988378,0,0,0,0,0,0,0,0,0,0,0,0,0,0,0,0,0,0,0,0,0,0,0,0,0,0,0,0,0,0,0
0,,,,,,,,,,,,0,,,,,,,,,,,,,,,,,,,,,1970,아현역대로,1522-3232,,02-365-4171,01,서울,0110,마포구,"서울특별시 마포구 아현동 330-5외 3필지 아르띠타워 가동 102,103호",,,T05@T08@T16@T17@T20@T21@T30@T32@T34@@T36@T43@T51@@T56@T57@T65@T69@T71@P80@P90,0,,,,0,2.35,-1,-1,-1,30,,0,4170,N,,0,,,/upload/store/2022/05/[4170]_20220512061259_v9lug.jpg,,,,,,0,,,0,,,,,,,,1,60,20220512,0,,,,,,서울특별시 마포구 신촌로 262 (아현동),,N,WHCROAD,,,,0,,A01,,,,,37.55717010065948,126.95490786760611,0,0,0,0,0,0,0,0,0,0,0,0,0,0,0,0,0,0,0,0,0,0,0,0,0,0,0,0,0,0,0
0,,,,,,,,,,,,0,,,,,,,,,,,,,,,,,,,,,1419,국립중앙의료원,1522-3232,,02-2269-3668,01,서울,0119,중구,서울특별시 중구 을지로6가 18-131 을지회관,,,Z9999@T05@T08@T16@T17@T20@T30@T32@T34@@@@T52@T56@T57@T64@T65@T69@P70@P80@P90,0,,,,0,2.43,-1,-1,-1,30,,0,3667,N,,0,,,/upload/store/2023/01/[3667]_20230119115108_g9t3m.jpg,,,,,,0,,,0,,,,,,,,1,60,20181012,0,,,,,,서울특별시 중구 을지로 251 (을지로6가),,N,WHCROAD,,,,0,,A01,,,,,37.566516,127.0062376,0,0,0,0,0,0,0,0,0,0,0,0,0,0,0,0,0,0,0,0,0,0,0,0,0,0,0,0,0,0,0
0,,,,,,,,,,,,0,,,,,,,,,,,,,,,,,,,,,142,성대입구,1522-3232,,02-762-8247,01,서울,0118,종로구,서울특별시 종로구 명륜3가 154-3 스타빌딩,,N,Z9999@T05@T08@T16@T17@T20@T21@T30@T32@@@T36@T52@T57@T65@T69@P20@P90,0,,,,0,2.49,-1,-1,-1,30,,0,9449,N,,0,,,/upload/store/2018/11/[9449]_20181115092418_mh4ie.jpg,,,,,,0,,,0,,,,,,,,1,60,20080530,0,,,,,,서울특별시 종로구 창경궁로 235 (명륜3가),,N,WHCROAD,,,,0,,A01,,,,,37.582892,126.998392,0,0,0,0,0,0,0,0,0,0,0,0,0,0,0,0,0,0,0,0,0,0,0,0,0,0,0,0,0,0,0
0,,,,,,,,,,,,0,,,,,,,,,,,,,,,,,,,,,1177,동대문공원,1522-3232,,02-2279-3346,01,서울,0119,중구,서울특별시 중구 광희동1가 185-1,,,Z9999@T05@T08@T16@T17@T20@T30@T32@T34@@@@@T43@T52@T56@T57@T64@T65@@T69@@P80@P90,0,,,,0,2.52,-1,-1,-1,30,,0,3345,N,,0,,,/upload/store/2022/10/[3345]_20221021112521_b3dwe.jpg,,,,,,0,,,0,,,,,,,,1,60,20170228,0,,,,,,서울특별시 중구 장충단로 229 (광희동1가),,N,WHCROAD,,,,0,,A01,,,,,37.565133,127.007191,0,0,0,0,0,0,0,0,0,0,0,0,0,0,0,0,0,0,0,0,0,0,0,0,0,0,0,0,0,0,0
0,,,,,,,,,,,,0,,,,,,,,,,,,,,,,,,,,,1140,동대입구역,1522-3232,,02-2264-3365,01,서울,0119,중구,서울특별시 중구 장충동1가 62-35 종이나라빌딩,,,Z9999@@T05@T08@T16@T17@T20@T21@@T30@T32@@T36@@@T43@T52@T56@T57@T64@T65@T69@T71@P80@P90,0,,,,0,2.56,-1,-1,-1,30,,0,3365,N,,0,,,/upload/store/2017/03/[3365]_20170325023404_90q26.JPG,,,,,,0,,,0,,,,,,,,1,60,20161208,0,,,,,,서울특별시 중구 장충단로 166 (장충동1가),,N,WHCROAD,,,,0,,A01,,,,,37.5596804372304,127.006202929994,0,0,0,0,0,0,0,0,0,0,0,0,0,0,0,0,0,0,0,0,0,0,0,0,0,0,0,0,0,0,0
0,,,,,,,,,,,,0,,,,,,,,,,,,,,,,,,,,,370,숙대입구역,1522-3232,,02-703-8377,01,서울,0124,용산구,서울특별시 용산구 갈월동 69-5 지하1~3층,,N,T05@T08@T16@T17@T20@T21@T30@T32@T36@@T43@T52@T57@T65@T69@T71@P80,0,,,,0,2.58,-1,-1,-1,30,,0,9577,N,,0,,,/upload/store/2022/08/[9577]_20220817032353_60u56.jpg,,,,,,0,,,0,,,,,,,,1,60,20110316,0,,,,,,서울특별시 용산구 한강대로 291 (갈월동),,N,WHCROAD,,,,0,,A01,,,,,37.544279837495765,126.97193719447857,0,0,0,0,0,0,0,0,0,0,0,0,0,0,0,0,0,0,0,0,0,0,0,0,0,0,0,0,0,0,0
0,,,,,,,,,,,,0,,,,,,,,,,,,,,,,,,,,,70,애오개역,1522-3232,,02-364-9272,01,서울,0110,마포구,서울특별시 마포구 아현동 738번지 마포트라팰리스II,,N,Z9999@T05@T08@T16@T17@T20@T21@T30@T32@T36@@@T43@T52@@T56@T57@T65@T69@T71@P80,0,,,,0,2.58,-1,-1,-1,30,,0,9472,N,,0,,,/upload/store/2018/12/[9472]_20181231053823_pzkkh.jpg,,,,,,0,,,0,,,,,,,,1,60,20081112,0,,,,,,"서울특별시 마포구 마포대로 201, 마포트라팰리스II (아현동)",,N,WHCROAD,,,,0,,A01,,,,,37.55229378560504,126.95579352059178,0,0,0,0,0,0,0,0,0,0,0,0,0,0,0,0,0,0,0,0,0,0,0,0,0,0,0,0,0,0,0
0,,,,,,,,,,,,0,,,,,,,,,,,,,,,,,,,,,2446,동대문역사문화공원역,1522-3232,,--,01,서울,0119,중구,서울특별시 중구 광희동2가 37,,,Z9999@T05@T08@T16@T17@T20@T30@T32@T34@T36@T43@T51@T52@T56@T57@T65@T66@@T69@T71@P80@P90,0,,,,0,2.59,-1,-1,-1,30,,0,4663,N,,0,,,/upload/store/2025/08/4663_20250827061118_bf8eg.JPG,,,,,,0,,,0,,,,,,,,1,60,20250828,0,,,,,,서울특별시 중구 퇴계로 325-9 (광희동2가),,N,,,,,0,,A01,,,,,37.5648779123195,127.007939206321,0,0,0,0,0,0,0,0,0,0,0,0,0,0,0,0,0,0,0,0,0,0,0,0,0,0,0,0,0,0,0
0,,,,,,,,,,,,0,,,,,,,,,,,,,,,,,,,,,2305,장충라운지R,1522-3232,,--,01,서울,0119,중구,"서울특별시 중구 장충동1가 48-16,48-17,48-46,48-15,48-49,48-14",,,Z9999@T03@T08@T16@T20@T26@T29@T33@T34@T36@T37@T41@T57@T69@T09,0,,,,0,2.61,-1,-1,-1,30,,0,4550,N,,0,,,/upload/store/2024/09/[4550]_20240909064531_1yepa.jpg,,,,,,0,,,0,,,,,,,,1,60,20240912,0,,,,,,서울특별시 중구 장충단로4길 25 (장충동1가),,N,WHCROAD,,,,0,,A01,,,,,37.561036913264,127.007334747398,0,0,0,0,0,0,0,0,0,0,0,0,0,0,0,0,0,0,0,0,0,0,0,0,0,0,0,0,0,0,0
0,,,,,,,,,,,,0,,,,,,,,,,,,,,,,,,,,,301,마로니에공원,1522-3232,,02-765-8315,01,서울,0118,종로구,서울특별시 종로구 동숭동 1-115번지 1-2층,,N,Z9999@T05@T08@T16@T17@T20@T30@@@T36@T52@T56@T57@T65@T69@P20@P80,0,,,,0,2.65,-1,-1,-1,30,,0,9515,N,,0,,,/upload/store/2020/05/[9515]_20200528111543_zit7n.jpg,,,,,,0,,,0,,,,,,,,1,60,20091222,0,,,,,,"서울특별시 종로구 대학로 116, 1-2층 (동숭동)",,N,WHCROAD,,,,0,,A01,,,,,37.58154296,127.0023412,0,0,0,0,0,0,0,0,0,0,0,0,0,0,0,0,0,0,0,0,0,0,0,0,0,0,0,0,0,0,0
0,,,,,,,,,,,,0,,,,,,,,,,,,,,,,,,,,,1543,동대문두타,1522-3232,,02-3398-4242,01,서울,0119,중구,서울특별시 중구 을지로6가 18-12 두산타워빌딩,,,Z9999@T05@T08@T16@T17@T20@T30@T32@T34@@T36@@T52@T56@T57@T65@T69@P40@P90@T09,0,,,,0,2.67,-1,-1,-1,30,,0,3808,N,,0,,,/upload/store/2026/01/3808_20260108015252_n4yjs.jpg,,,,,,0,,,0,,,,,,,,1,60,20190919,0,,,,,,서울특별시 중구 장충단로 275 (을지로6가),,N,,,,,0,,A01,,,,,37.5691,127.0088,0,0,0,0,0,0,0,0,0,0,0,0,0,0,0,0,0,0,0,0,0,0,0,0,0,0,0,0,0,0,0
0,,,,,,,,,,,,0,,,,,,,,,,,,,,,,,,,,,2051,동대문디자인플라자,1522-3232,,02-2234-4389,01,서울,0119,중구,"서울특별시 중구 을지로7가 2-1, B2층 F1호",,,Z9999@T05@T08@T16@T17@T20@T30@T32@T34@@T36@T51@T52@T56@T57@T64@T65@T69@P80@P90@T09,0,,,,0,2.71,-1,-1,-1,30,,0,4388,N,,0,,,/upload/store/2022/10/[4388]_20221025055715_7heot.jpg,,,,,,0,,,0,,,,,,,,1,60,20221026,0,,,,,,서울특별시 중구 을지로 281 (을지로7가) 디자인장터,,N,,,,,0,,A01,,,,,37.5675,127.0094,0,0,0,0,0,0,0,0,0,0,0,0,0,0,0,0,0,0,0,0,0,0,0,0,0,0,0,0,0,0,0
0,,,,,,,,,,,,0,,,,,,,,,,,,,,,,,,,,,1429,혜화역,1522-3232,,02-742-3674,01,서울,0118,종로구,서울특별시 종로구 동숭동 1-31 동덕빌딩 1~2층,,,Z9999@T05@T08@T16@T17@T20@T21@T30@@@@T52@T56@T57@T64@T65@T69@P80@P90,0,,,,0,2.71,-1,-1,-1,30,,0,3673,N,,0,,,/upload/store/2020/05/[3673]_20200514095154_btdui.jpg,,,,,,0,,,0,,,,,,,,1,60,20181106,0,,,,,,서울특별시 종로구 대학로12길 4 (동숭동)1~2층,,N,,,,,0,,A01,,,,,37.5824779,127.0021850,0,0,0,0,0,0,0,0,0,0,0,0,0,0,0,0,0,0,0,0,0,0,0,0,0,0,0,0,0,0,0
0,,,,,,,,,,,,0,,,,,,,,,,,,,,,,,,,,,2031,숙명여대정문,1522-3232,,02-702-4342,01,서울,0124,용산구,서울특별시 용산구 청파동2가 53-12 숙명여자대학교,,,T05@T08@T16@T17@T20@T21@T30@T32@T34@T36@T51@T52@T56@T57@T65@T69@T73@P20@P90,0,,,,0,2.72,-1,-1,-1,30,,0,4341,N,,0,,,/upload/store/2022/09/[4341]_20220906044906_dcd06.jpg,,,,,,0,,,0,,,,,,,,1,60,20220908,0,,,,,,서울특별시 용산구 청파로47길 100 (청파동2가) 프라임관B1F(로비층),,N,WHCROAD,,,,0,,A01,,,,,37.54493793442227,126.9648900666431,0,0,0,0,0,0,0,0,0,0,0,0,0,0,0,0,0,0,0,0,0,0,0,0,0,0,0,0,0,0,0
0,,,,,,,,,,,,0,,,,,,,,,,,,,,,,,,,,,1115,남영동,1522-3232,,02-3275-3321,01,서울,0124,용산구,서울특별시 용산구 갈월동 90-8,,,Z9999@T05@T08@T16@T17@T20@T21@T30@T32@T34@@@T36@T43@T51@T52@@T56@T57@T64@T65@T69@T71@P80,0,,,,0,2.72,-1,-1,-1,30,,0,3321,N,,0,,,/upload/store/2025/08/3321_20250829082755_rzkhq.png,,,,,,0,,,0,,,,,,,,1,60,20160928,0,,,,,,서울특별시 용산구 한강대로 275 (갈월동),,N,WHCROAD,,,,0,,A01,,,,,37.54289238266093,126.97229415081612,0,0,0,0,0,0,0,0,0,0,0,0,0,0,0,0,0,0,0,0,0,0,0,0,0,0,0,0,0,0,0
0,,,,,,,,,,,,0,,,,,,,,,,,,,,,,,,,,,1660,동숭길입구,1522-3232,,02-743-3907,01,서울,0118,종로구,서울특별시 종로구 혜화동 90-18 혜화동씨티밸리 101호,,,Z9999@T05@T08@T16@T17@T20@T21@T30@T32@T34@T36@@T52@T56@T57@T65@T69@P20@P80@P90,0,,,,0,2.81,-1,-1,-1,30,,0,3906,N,,0,,,/upload/store/2020/06/[3906]_20200618084351_qt5dt.jpg,,,,,,0,,,0,,,,,,,,1,60,20200619,0,,,,,,서울특별시 종로구 대학로 146 (혜화동),,N,WHCROAD,,,,0,,A01,,,,,37.584191,127.001859,0,0,0,0,0,0,0,0,0,0,0,0,0,0,0,0,0,0,0,0,0,0,0,0,0,0,0,0,0,0,0
0,,,,,,,,,,,,0,,,,,,,,,,,,,,,,,,,,,134,이대ECC,1522-3232,,02-362-6884,01,서울,0111,서대문구,서울특별시 서대문구 대현동 11-1 이화여자대학교 B415호,,N,T05@T08@T16@T17@T20@T21@T30@T32@T34@@T36@T51@T52@T56@T57@T64@T65@T69@@P20@T09,0,,,,0,2.82,-1,-1,-1,30,,0,9440,N,,0,,,/upload/store/2022/03/[9440]_20220323122041_b98dj.jpg,,,,,,0,,,0,,,,,,,,1,60,20080430,0,,,,,,서울특별시 서대문구 이화여대길 52 (대현동) 이화여자대학교 B415호,,N,WHCROAD,,,,0,,A01,,,,,37.561631,126.94735,0,0,0,0,0,0,0,0,0,0,0,0,0,0,0,0,0,0,0,0,0,0,0,0,0,0,0,0,0,0,0
0,,,,,,,,,,,,0,,,,,,,,,,,,,,,,,,,,,453,연대동문,1522-3232,,02-393-8450,01,서울,0111,서대문구,서울특별시 서대문구 대신동 115번지,,Y,T05@T08@T16@T17@T20@T21@T30@T32@T34@T36@@T52@T56@T57@T64@T65@T69@P20@P90,0,,,,0,2.85,-1,-1,-1,30,,0,9650,N,,0,,,/upload/store/2025/01/[9650]_20250119094911_fpu19.jpg,,,,,,0,,,0,,,,,,,,1,60,20111130,0,,,,,,서울특별시 서대문구 성산로 565 (대신동),,N,WHCROAD,,,,0,,A01,,,,,37.56648507,126.9463253,0,0,0,0,0,0,0,0,0,0,0,0,0,0,0,0,0,0,0,0,0,0,0,0,0,0,0,0,0,0,0
0,,,,,,,,,,,,0,,,,,,,,,,,,,,,,,,,,,1335,마포경찰서후문,1522-3232,,02-392-3556,01,서울,0110,마포구,서울특별시 마포구 아현동 618-19 마포 센텀 슬로우스퀘어,,,Z9999@T05@T08@T16@T17@T20@T21@T30@T32@T34@T36@@@@T43@T52@T55@T56@T57@T65@T69@T71@T09,0,,,,0,2.85,-1,-1,-1,30,,0,3555,N,,0,,,/upload/store/2018/02/[3555]_20180211010157_ntdzz.JPG,,,,,,0,,,0,,,,,,,,1,60,20180126,0,,,,,,서울특별시 마포구 마포대로 173-14 (아현동),,N,WHCROAD,,,,0,,A01,,,,,37.550800,126.953432,0,0,0,0,0,0,0,0,0,0,0,0,0,0,0,0,0,0,0,0,0,0,0,0,0,0,0,0,0,0,0
0,,,,,,,,,,,,0,,,,,,,,,,,,,,,,,,,,,434,동숭로아트,1522-3232,,02-747-8430,01,서울,0118,종로구,서울특별시 종로구 동숭동 30번지,,Y,Z9999@T05@T08@T16@T17@T20@T21@T30@T36@@@T52@T56@T57@T65@T69@P90,0,,,,0,2.86,-1,-1,-1,30,,0,9630,N,,0,,,/upload/store/2020/02/[9630]_20200228011025_6sfz2.jpg,,,,,,0,,,0,,,,,,,,1,60,20110907,0,,,,,,서울특별시 종로구 동숭길 110 (동숭동),,N,WHCROAD,,,,0,,A01,,,,,37.582969,127.003876,0,0,0,0,0,0,0,0,0,0,0,0,0,0,0,0,0,0,0,0,0,0,0,0,0,0,0,0,0,0,0
0,,,,,,,,,,,,0,,,,,,,,,,,,,,,,,,,,,149,이대,1522-3232,,02-364-2037,01,서울,0111,서대문구,서울특별시 서대문구 대현동 54-4,,N,@T08@@@@T34@@@@T56@T57@@@@@@T65@T69@P20@P80,0,,,,0,3.03,-1,-1,-1,30,,0,9100,N,,0,,,/upload/store/2024/09/[9100]_20240924070852_z0s5x.jpg,,,,,,0,,,0,,,,,,,,1,60,19990727,0,,,,,,서울특별시 서대문구 이화여대길 34 (대현동),,N,,,,,0,,A01,,,,,37.55848315,126.9459643,0,0,0,0,0,0,0,0,0,0,0,0,0,0,0,0,0,0,0,0,0,0,0,0,0,0,0,0,0,0,0
0,,,,,,,,,,,,0,,,,,,,,,,,,,,,,,,,,,2067,이대역,1522-3232,,02-313-4378,01,서울,0111,서대문구,서울특별시 서대문구 대현동 45-8 유인빌딩,,,Z9999@T05@T08@T16@T17@T20@T21@T30@T32@T34@T36@@T43@T51@T56@T57@T64@T65@T69@T71@P20@P80,0,,,,0,3.05,-1,-1,-1,30,,0,4377,N,,0,,,/upload/store/2022/12/[4377]_20221210053237_6qoz6.jpg,,,,,,0,,,0,,,,,,,,1,60,20221213,0,,,,,,서울특별시 서대문구 신촌로 183 (대현동),,N,WHCROAD,,,,0,,A01,,,,,37.55702459539767,126.94630659955032,0,0,0,0,0,0,0,0,0,0,0,0,0,0,0,0,0,0,0,0,0,0,0,0,0,0,0,0,0,0,0
0,,,,,,,,,,,,0,,,,,,,,,,,,,,,,,,,,,883,약수역,1522-3232,,02-2236-8862,01,서울,0119,중구,서울특별시 중구 신당동 374-27,,Y,T05@T08@T16@T17@T20@T21@T30@T32@T34@T36@T51@T52@T56@T57@T64@T65@T69@P80@P90,0,,,,0,3.1,-1,-1,-1,30,,0,3062,N,,0,,,/upload/store/2022/07/[3062]_20220719082518_wrpak.jpg,,,,,,0,,,0,,,,,,,,1,60,20150122,0,,,,,,서울특별시 중구 다산로 129 (신당동),,N,WHCROAD,,,,0,,A01,,,,,37.555437,127.0107253,0,0,0,0,0,0,0,0,0,0,0,0,0,0,0,0,0,0,0,0,0,0,0,0,0,0,0,0,0,0,0
0,,,,,,,,,,,,0,,,,,,,,,,,,,,,,,,,,,678,신당역,1522-3232,,02-2231-8669,01,서울,0119,중구,서울특별시 중구 흥인동 132번지 1층,,Y,Z9999@@T05@T08@T16@T17@T20@T30@T32@@T36@@@T43@T52@T56@T57@T65@T69@T71@P80@P90,0,,,,0,3.15,-1,-1,-1,30,,0,9869,N,,0,,,/upload/store/2019/03/[9869]_20190321090412_g3sfg.jpg,,,,,,0,,,0,,,,,,,,1,60,20131022,0,,,,,,"서울특별시 중구 퇴계로 385, 1층 (흥인동)",,N,WHCROAD,,,,0,,A01,,,,,37.5654033985295,127.014352404697,0,0,0,0,0,0,0,0,0,0,0,0,0,0,0,0,0,0,0,0,0,0,0,0,0,0,0,0,0,0,0
0,,,,,,,,,,,,0,,,,,,,,,,,,,,,,,,,,,1990,경리단길,1522-3232,,02-790-4233,01,서울,0124,용산구,서울특별시 용산구 이태원동 658,,,Z9999@T05@T08@T16@T17@T20@T30@T32@T34@@T43@T51@T52@@T56@T57@T64@T65@T69@T71@P90,0,,,,0,3.24,-1,-1,-1,30,,0,4232,N,,0,,,/upload/store/2022/06/[4232]_20220614020213_05w1v.jpg,,,,,,0,,,0,,,,,,,,1,60,20220616,0,,,,,,서울특별시 용산구 회나무로 3 (이태원동),,N,,,,,0,,A01,,,,,37.53854,126.98737,0,0,0,0,0,0,0,0,0,0,0,0,0,0,0,0,0,0,0,0,0,0,0,0,0,0,0,0,0,0,0
0,,,,,,,,,,,,0,,,,,,,,,,,,,,,,,,,,,2241,동호로,1522-3232,,02-2254-4719,01,서울,0119,중구,서울특별시 중구 신당동 372-3,,,Z9999@T05@T08@T16@T17@T20@T21@T30@T32@T34@T36@T43@T51@T52@T56@T57@T65@T69@T71@P80@P90,0,,,,0,3.24,-1,-1,-1,30,,0,4503,N,,0,,,/upload/store/2024/03/[4503]_20240307073244_nltq0.jpg,,,,,,0,,,0,,,,,,,,1,60,20240307,0,,,,,,서울특별시 중구 동호로 171 (신당동),,N,,,,,0,,A01,,,,,37.553478403261,127.011305155237,0,0,0,0,0,0,0,0,0,0,0,0,0,0,0,0,0,0,0,0,0,0,0,0,0,0,0,0,0,0,0
0,,,,,,,,,,,,0,,,,,,,,,,,,,,,,,,,,,1323,공덕,1522-3232,,02-716-3427,01,서울,0110,마포구,서울특별시 마포구 공덕동 254-8 동방빌딩,,,Z9999@T05@T08@T16@T17@T20@T21@T30@T32@@@T52@T56@T57@T64@T65@T69@P80@T09,0,,,,0,3.25,-1,-1,-1,30,,0,3426,N,,0,,,/upload/store/2020/04/[3426]_20200428115538_djg0v.jpg,,,,,,0,,,0,,,,,,,,1,60,20180116,0,,,,,,서울특별시 마포구 마포대로 130 (공덕동),,N,WHCROAD,,,,0,,A01,,,,,37.545913,126.952956,0,0,0,0,0,0,0,0,0,0,0,0,0,0,0,0,0,0,0,0,0,0,0,0,0,0,0,0,0,0,0
0,,,,,,,,,,,,0,,,,,,,,,,,,,,,,,,,,,1673,용산리첸시아,1522-3232,,02-702-3892,01,서울,0124,용산구,서울특별시 용산구 원효로1가 133-3 리첸시아 용산,,,Z9999@T05@T08@T16@T17@T20@T21@T30@T32@T34@T36@@T52@T56@T57@T64@T65@T69@P80@P90@T09,0,,,,0,3.32,-1,-1,-1,30,,0,3891,N,,0,,,/upload/store/2022/10/[3891]_20221017014340_o7mrs.JPG,,,,,,0,,,0,,,,,,,,1,60,20200715,0,,,,,,"서울특별시 용산구 백범로 341 (원효로1가, 리첸시아 용산)",,N,,,,,0,,A01,,,,,37.538356807073306,126.9672409635899,0,0,0,0,0,0,0,0,0,0,0,0,0,0,0,0,0,0,0,0,0,0,0,0,0,0,0,0,0,0,0
0,,,,,,,,,,,,0,,,,,,,,,,,,,,,,,,,,,1096,신당역사거리,1522-3232,,02-2253-3319,01,서울,0119,중구,서울특별시 중구 흥인동 86 KT 동대문지사,,,Z9999@T05@T08@T16@T17@T20@T30@T32@T34@@@@T36@@T43@T52@T56@T57@T65@T69@T71@P80@P90@T09,0,,,,0,3.33,-1,-1,-1,30,,0,3316,N,,0,,,/upload/store/2024/09/[3316]_20240928125637_979dt.jpg,,,,,,0,,,0,,,,,,,,1,60,20160728,0,,,,,,서울특별시 중구 다산로 258 (흥인동),,N,WHCROAD,,,,0,,A01,,,,,37.565807,127.01643,0,0,0,0,0,0,0,0,0,0,0,0,0,0,0,0,0,0,0,0,0,0,0,0,0,0,0,0,0,0,0
0,,,,,,,,,,,,0,,,,,,,,,,,,,,,,,,,,,141,연세종합관,1522-3232,,02-2227-8299,01,서울,0111,서대문구,서울특별시 서대문구 신촌동 134번지 성산로 250 연세세브란스 종합관,,N,Z9999@T05@T08@T16@T17@T20@T30@T32@T34@T36@@T52@T56@T57@T65@T69@P70@T09,0,,,,0,3.36,-1,-1,-1,30,,0,9444,N,,0,,,/upload/store/2025/01/[9444]_20250119024325_4fsaw.jpg,,,,,,0,,,0,,,,,,,,1,60,20080430,0,,,,,,"서울특별시 서대문구 연세로 50, 연세세브란스 종합관 (신촌동)",,N,WHCROAD,,,,0,,A01,,,,,37.561468543,126.941119654,0,0,0,0,0,0,0,0,0,0,0,0,0,0,0,0,0,0,0,0,0,0,0,0,0,0,0,0,0,0,0
0,,,,,,,,,,,,0,,,,,,,,,,,,,,,,,,,,,466,한성대입구역,1522-3232,,02-747-8455,01,서울,0113,성북구,서울특별시 성북구 성북동1가 35-1번지,,Y,Z9999@T05@T08@T16@T17@T20@T21@T30@T32@@@T36@@T43@T51@T52@@T56@T57@T63@T64@T65@T69@T71@P80@T09,0,,,,0,3.38,-1,-1,-1,30,,0,9655,N,,0,,,/upload/store/2025/12/9655_20251225124052_5smsc.jpg,,,,,,0,,,0,,,,,,,,1,60,20111230,0,,,,,,서울특별시 성북구 성북로 11 (성북동1가),,N,WHCROAD,,,,0,,A01,,,,,37.5890412145186,127.004897965888,0,0,0,0,0,0,0,0,0,0,0,0,0,0,0,0,0,0,0,0,0,0,0,0,0,0,0,0,0,0,0
0,,,,,,,,,,,,0,,,,,,,,,,,,,,,,,,,,,1572,효창공원앞역,1522-3232,,02-3272-3838,01,서울,0124,용산구,서울특별시 용산구 효창동 13-2 용산 롯데캐슬 센터포레,,,Z9999@T05@T08@T16@T17@T20@T21@T30@T32@T34@T36@@T43@T52@T57@T65@T69@T71@P80@P90,0,,,,0,3.38,-1,-1,-1,30,,0,3837,N,,0,,,/upload/store/2022/08/[3837]_20220820035740_igqdx.jpg,,,,,,0,,,0,,,,,,,,1,60,20191115,0,,,,,,"서울특별시 용산구 백범로 313 (효창동, 용산 롯데캐슬 센터포레)",,N,WHCROAD,,,,0,,A01,,,,,37.53896610475044,126.96339365009875,0,0,0,0,0,0,0,0,0,0,0,0,0,0,0,0,0,0,0,0,0,0,0,0,0,0,0,0,0,0,0
0,,,,,,,,,,,,0,,,,,,,,,,,,,,,,,,,,,472,마포이마트,1522-3232,,02-703-8467,01,서울,0110,마포구,서울특별시 마포구 신공덕동 173,,Y,Z9999@T05@T08@T16@T17@T20@T30@T32@T36@@@T43@@T57@T64@T65@T69@T71@P40@P80@P90@T09,0,,,,0,3.51,-1,-1,-1,30,,0,9667,N,,0,,,/upload/store/2020/03/[9667]_20200318044327_0f8u3.jpg,,,,,,0,,,0,,,,,,,,1,60,20120110,0,,,,,,서울특별시 마포구 백범로 212 (신공덕동) 마포이마트,,N,WHCROAD,,,,0,,A01,,,,,37.542421,126.953341,0,0,0,0,0,0,0,0,0,0,0,0,0,0,0,0,0,0,0,0,0,0,0,0,0,0,0,0,0,0,0
0,,,,,,,,,,,,0,,,,,,,,,,,,,,,,,,,,,726,삼선교,1522-3232,,02-766-8714,01,서울,0113,성북구,서울특별시 성북구 동소문동2가 11번지외 1필지 중 가호 1~2층,,Y,Z9999@T02@T05@T08@T16@T17@T20@T21@T30@T32@@@T36@T43@T52@@T57@T65@T69@T71@P20@P80,0,,,,0,3.51,-1,-1,-1,30,,0,9914,N,,0,,,/upload/store/2015/07/[9914]_20150730101350812.jpg,,,,,,0,,,0,,,,,,,,1,60,20140127,0,,,,,,서울특별시 성북구 동소문로 10 (동소문동2가),,N,WHCROAD,,,,0,,A01,,,,,37.588696,127.00732070000003,0,0,0,0,0,0,0,0,0,0,0,0,0,0,0,0,0,0,0,0,0,0,0,0,0,0,0,0,0,0,0
0,,,,,,,,,,,,0,,,,,,,,,,,,,,,,,,,,,1555,서강대프라자,1522-3232,,02-702-3805,01,서울,0110,마포구,"서울특별시 마포구 신수동 1-1 서강대학교 지하캠퍼스 지하1층 104, 105-1호",,,T05@T08@T16@T17@T20@T21@T30@T32@T34@@@T36@T43@T52@@T56@T57@T65@T69@T71@P20@P90,0,,,,0,3.59,-1,-1,-1,30,,0,3804,N,,0,,,/upload/store/2019/10/[3804]_20191015120806_ez3lc.jpg,,,,,,0,,,0,,,,,,,,1,60,20191016,0,,,,,,서울특별시 마포구 백범로 35 (신수동),,N,WHCROAD,,,,0,,A01,,,,,37.55102696988243,126.94313374835715,0,0,0,0,0,0,0,0,0,0,0,0,0,0,0,0,0,0,0,0,0,0,0,0,0,0,0,0,0,0,0
0,,,,,,,,,,,,0,,,,,,,,,,,,,,,,,,,,,993,연세백양로,1522-3232,,02-362-8977,01,서울,0111,서대문구,서울특별시 서대문구 신촌동 134 연세대학교,,,T05@T08@T16@T17@T20@T21@T22@T30@T32@T34@@@T36@T52@T56@T57@T65@T69@P20@T09,0,,,,0,3.66,-1,-1,-1,30,,0,3177,N,,0,,,/upload/store/2017/07/[3177]_20170719101530_v9liq.JPG,,,,,,0,,,0,,,,,,,,1,60,20151007,0,,,,,,서울특별시 서대문구 연세로 50 (신촌동) 연세대학교,,N,WHCROAD,,,,0,,A01,,,,,37.562874457,126.937440049,0,0,0,0,0,0,0,0,0,0,0,0,0,0,0,0,0,0,0,0,0,0,0,0,0,0,0,0,0,0,0
0,,,,,,,,,,,,0,,,,,,,,,,,,,,,,,,,,,949,공덕오거리,1522-3232,,02-701-8933,01,서울,0110,마포구,서울특별시 마포구 도화동 22 창강빌딩,,Y,Z9999@T05@T08@T16@T17@T20@T21@T30@T32@T34@@T36@@@T51@T52@T56@T57@T64@T65@T69@P80@P90,0,,,,0,3.67,-1,-1,-1,30,,0,3133,N,,0,,,/upload/store/2022/12/[3133]_20221215024427_g9w60.jpg,,,,,,0,,,0,,,,,,,,1,60,20150714,0,,,,,,서울특별시 마포구 마포대로 86 (도화동) 창강빌딩,,N,WHCROAD,,,,0,,A01,,,,,37.5424641,126.95057730000008,0,0,0,0,0,0,0,0,0,0,0,0,0,0,0,0,0,0,0,0,0,0,0,0,0,0,0,0,0,0,0
0,,,,,,,,,,,,0,,,,,,,,,,,,,,,,,,,,,2519,연세암병원,1522-3232,,--,01,서울,0111,서대문구,서울특별시 서대문구 신촌동 134 세브란스병원 암센터,,,T05@T17@T20@T30@T32@T34@T51@T56@T57@T63@T69@P20@P70,0,,,,0,3.7,-1,-1,-1,30,,0,4748,N,,0,,,/upload/store/2026/02/4748_20260203093921_g0i47.jpg,,,,,,0,,,0,,,,,,,,1,60,20260202,0,,,,,,서울특별시 서대문구 연세로 50-1 (신촌동),,N,,,,,0,,A01,,,,,37.56046655095749,126.93745338050667,0,0,0,0,0,0,0,0,0,0,0,0,0,0,0,0,0,0,0,0,0,0,0,0,0,0,0,0,0,0,0
0,,,,,,,,,,,,0,,,,,,,,,,,,,,,,,,,,,353,신촌명물거리,1522-3232,,--,01,서울,0111,서대문구,서울특별시 서대문구 창천동 13-19 번지 1-5층,,N,T05@T08@T16@T17@T20@T21@T30@T32@T34@@@T36@T43@T52@@T56@T57@T65@T69@T71@P20,0,,,,0,3.71,-1,-1,-1,30,,0,9530,N,,0,,,/upload/store/2021/05/[9530]_20210507103503_gofux.jpg,,,,,,0,,,0,,,,,,,,1,60,20101126,0,,,,,,"서울특별시 서대문구 명물길 24, 1-5층 (창천동)",,N,WHCROAD,,,,0,,A01,,,,,37.557768434,126.938154503,0,0,0,0,0,0,0,0,0,0,0,0,0,0,0,0,0,0,0,0,0,0,0,0,0,0,0,0,0,0,0
0,,,,,,,,,,,,0,,,,,,,,,,,,,,,,,,,,,1123,마포염리,1522-3232,,02-3272-3332,01,서울,0110,마포구,서울특별시 마포구 염리동 168-9 국민건강보험공단,,,Z9999@T05@T08@T16@T17@T20@@T30@T32@T34@@T36@T51@T52@T56@T57@T64@T65@T69@P80@T09,0,,,,0,3.74,-1,-1,-1,30,,0,3332,N,,0,,,/upload/store/2024/12/[3332]_20241217104218_3ghfz.jpg,,,,,,0,,,0,,,,,,,,1,60,20161019,0,,,,,,서울특별시 마포구 독막로 311 (염리동),,N,WHCROAD,,,,0,,A01,,,,,37.543876,126.94768,0,0,0,0,0,0,0,0,0,0,0,0,0,0,0,0,0,0,0,0,0,0,0,0,0,0,0,0,0,0,0
0,,,,,,,,,,,,0,,,,,,,,,,,,,,,,,,,,,2365,신촌로,1522-3232,,--,01,서울,0111,서대문구,서울특별시 서대문구 창천동 29-81 신촌르메이에르타운5,,,Z9999@T05@T08@T16@T17@T20@T21@T30@T32@T34@T36@T43@T51@T52@@T56@T57@T65@T69@T71@P20@T09,0,,,,0,3.76,-1,-1,-1,30,,0,4610,N,,0,,,/upload/store/2024/12/[4610]_20241215093340_jih0g.jpg,,,,,,0,,,0,,,,,,,,1,60,20241213,0,,,,,,서울특별시 서대문구 신촌로 109 (창천동),,N,,,,,0,,A01,,,,,37.55580883425132,126.93828627236182,0,0,0,0,0,0,0,0,0,0,0,0,0,0,0,0,0,0,0,0,0,0,0,0,0,0,0,0,0,0,0
0,,,,,,,,,,,,0,,,,,,,,,,,,,,,,,,,,,443,연대,1522-3232,,02-324-8439,01,서울,0111,서대문구,서울특별시 서대문구 창천동 33-9번지,,Y,T05@T08@T16@T17@T20@T21@T30@T32@T34@T36@@T43@T52@@T56@T57@T65@T69@T71@P20@P80,0,,,,0,3.8,-1,-1,-1,30,,0,9639,N,,0,,,/upload/store/2025/01/[9639]_20250118050413_rnxbk.jpg,,,,,,0,,,0,,,,,,,,1,60,20111014,0,,,,,,서울특별시 서대문구 연세로 35 (창천동),,N,,,,,0,,A01,,,,,37.558706,126.936727,0,0,0,0,0,0,0,0,0,0,0,0,0,0,0,0,0,0,0,0,0,0,0,0,0,0,0,0,0,0,0
0,,,,,,,,,,,,0,,,,,,,,,,,,,,,,,,,,,1339,한강진역R,1522-3232,,02-797-3557,01,서울,0124,용산구,서울특별시 용산구 한남동 683-139,,,Z9999@T03@T05@T08@T16@T17@T20@T21@T26@T29@T30@T32@@T34@@T36@T42@T43@T52@@T57@T64@T65@T69@T71@P80@P90,0,,,,0,3.84,-1,-1,-1,30,,0,3556,N,,0,,,/upload/store/2018/02/[3556]_20180222051230_kih6e.JPG,,,,,,0,,,0,,,,,,,,1,60,20180222,0,,,,,,서울특별시 용산구 이태원로 252 (한남동),,N,WHCROAD,,,,0,,A01,,,,,37.537185540276695,127.00109751381583,0,0,0,0,0,0,0,0,0,0,0,0,0,0,0,0,0,0,0,0,0,0,0,0,0,0,0,0,0,0,0
0,,,,,,,,,,,,0,,,,,,,,,,,,,,,,,,,,,177,신촌,1522-3232,,02-362-1835,01,서울,0111,서대문구,"서울특별시 서대문구 창천동 18-55 즐거운빌딩 1,2,3층",,N,Z9999@T02@T05@T08@T16@T17@T20@T22@T30@T32@T34@@T43@T52@T56@T57@T65@T69@T71@P20@P80@P90,0,,,,0,3.85,-1,-1,-1,30,,0,9235,N,,0,,,/upload/store/2017/07/[9235]_20170717120757_ejk9b.jpg,,,,,,0,,,0,,,,,,,,1,60,20020130,0,,,,,,서울특별시 서대문구 연세로 10-1 (창천동),,N,WHCROAD,,,,0,,A01,,,,,37.556501906944405,126.93697004216074,0,0,0,0,0,0,0,0,0,0,0,0,0,0,0,0,0,0,0,0,0,0,0,0,0,0,0,0,0,0,0
0,,,,,,,,,,,,0,,,,,,,,,,,,,,,,,,,,,84,마포아크로,1522-3232,,02-704-8217,01,서울,0110,마포구,서울특별시 마포구 도화동 563 마포아크로타워,,N,Z9999@T05@@T08@T16@@T17@T20@T21@T30@T32@T34@@@T36@T43@T52@@T56@T57@T65@T69@T71@T09,0,,,,0,3.86,-1,-1,-1,30,,0,9417,N,,0,,,/upload/store/2020/07/[9417]_20200730023516_ici6p.jpg,,,,,,0,,,0,,,,,,,,1,60,20070918,0,,,,,,서울특별시 마포구 마포대로 68 (도화동) 마포아크로타워,,N,WHCROAD,,,,0,,A01,,,,,37.5413348427548,126.948866602054,0,0,0,0,0,0,0,0,0,0,0,0,0,0,0,0,0,0,0,0,0,0,0,0,0,0,0,0,0,0,0
0,,,,,,,,,,,,0,,,,,,,,,,,,,,,,,,,,,1137,서강대흥역,1522-3232,,--,01,서울,0110,마포구,서울특별시 마포구 대흥동 111-1,,,Z9999@T05@T08@T16@T17@T20@T21@T30@T32@T34@@T36@@@T43@T51@T52@T55@T56@T57@T63@T64@T65@T69@T71@P20@P80@P90,0,,,,0,3.87,-1,-1,-1,30,,0,3330,N,,0,,,/upload/store/2025/06/3330_20250611013718_7588j.jpg,,,,,,0,,,0,,,,,,,,1,60,20161129,0,,,,,,서울특별시 마포구 백범로 89-5 (대흥동),,N,WHCROAD,,,,0,,A01,,,,,37.548178,126.941576,0,0,0,0,0,0,0,0,0,0,0,0,0,0,0,0,0,0,0,0,0,0,0,0,0,0,0,0,0,0,0
0,,,,,,,,,,,,0,,,,,,,,,,,,,,,,,,,,,2062,신금호역,1522-3232,,02-2282-4191,01,서울,0123,성동구,서울특별시 성동구 금호동1가 122 1~5층 전체,,,T05@T08@T16@T17@T20@T21@T30@T32@T34@@T43@T51@T52@@T56@T57@T65@T69@T71@P80@P90,0,,,,0,3.89,-1,-1,-1,30,,0,4190,N,,0,,,/upload/store/2022/12/[4190]_20221212075449_gjz80.jpg,,,,,,0,,,0,,,,,,,,1,60,20221213,0,,,,,,서울특별시 성동구 금호로 158-1 (금호동1가) 1~5층 전체,,N,,,,,0,,A01,,,,,37.55495378704588,127.02011077314176,0,0,0,0,0,0,0,0,0,0,0,0,0,0,0,0,0,0,0,0,0,0,0,0,0,0,0,0,0,0,0
0,,,,,,,,,,,,0,,,,,,,,,,,,,,,,,,,,,1594,금호역,1522-3232,,02-2295-3840,01,서울,0123,성동구,서울특별시 성동구 금호동4가 1483,,,Z9999@T05@T08@T16@T17@T20@T21@T30@T32@T34@T36@@@T43@T52@@T56@T57@T65@T69@T71@P80@P90,0,,,,0,3.89,-1,-1,-1,30,,0,3838,N,,0,,,/upload/store/2019/12/[3838]_20191223085318_u5hsx.jpg,,,,,,0,,,0,,,,,,,,1,60,20191224,0,,,,,,서울특별시 성동구 동호로 99 (금호동4가),,N,,,,,0,,A01,,,,,37.54795819607987,127.01576347145759,0,0,0,0,0,0,0,0,0,0,0,0,0,0,0,0,0,0,0,0,0,0,0,0,0,0,0,0,0,0,0
0,,,,,,,,,,,,0,,,,,,,,,,,,,,,,,,,,,1415,이태원역,1522-3232,,02-798-9781,01,서울,0124,용산구,"서울특별시 용산구 이태원동 127-6, 127-29",,,Z9999@T05@T08@T16@T17@T20@T30@T32@T36@@@T43@T52@T56@T57@T64@T65@T69@T71@P80@P90,0,,,,0,3.89,-1,-1,-1,30,,0,3584,N,,0,,,/upload/store/2018/09/[3584]_20180925064843_c4rw8.jpg,,,,,,0,,,0,,,,,,,,1,60,20180913,0,,,,,,서울특별시 용산구 이태원로 188 (이태원동),,N,WHCROAD,,,,0,,A01,,,,,37.534273,126.994789,0,0,0,0,0,0,0,0,0,0,0,0,0,0,0,0,0,0,0,0,0,0,0,0,0,0,0,0,0,0,0
0,,,,,,,,,,,,0,,,,,,,,,,,,,,,,,,,,,1193,홍제역,1522-3232,,02-396-3384,01,서울,0111,서대문구,서울특별시 서대문구 홍제동 301-19 홍제빌딩,,,Z9999@@T05@T08@T16@T17@T20@T21@T30@T32@T34@@@@T43@T52@@T56@T57@T65@T69@T71@P80@P90,0,,,,0,3.91,-1,-1,-1,30,,0,3384,N,,0,,,/upload/store/2017/03/[3384]_20170326013535_r47p5.JPG,,,,,,0,,,0,,,,,,,,1,60,20170328,0,,,,,,서울특별시 서대문구 통일로 451 (홍제동),,N,WHCROAD,,,,0,,A01,,,,,37.588658,126.943864,0,0,0,0,0,0,0,0,0,0,0,0,0,0,0,0,0,0,0,0,0,0,0,0,0,0,0,0,0,0,0
0,,,,,,,,,,,,0,,,,,,,,,,,,,,,,,,,,,793,서강대,1522-3232,,02-718-8783,01,서울,0110,마포구,서울특별시 마포구 신수동 63-14,,Y,T05@T08@T16@T17@T20@T21@T30@T32@@@@T36@T43@T52@@T57@T65@T69@T71@P20@P80@P90@T09,0,,,,0,3.94,-1,-1,-1,30,,0,9983,N,,0,,,/upload/store/2024/10/[9983]_20241028014144_72nv4.jpg,,,,,,0,,,0,,,,,,,,1,60,20140624,0,,,,,,서울특별시 마포구 백범로 23 (신수동),,N,WHCROAD,,,,0,,A01,,,,,37.5524584,126.9378262,0,0,0,0,0,0,0,0,0,0,0,0,0,0,0,0,0,0,0,0,0,0,0,0,0,0,0,0,0,0,0
0,,,,,,,,,,,,0,,,,,,,,,,,,,,,,,,,,,106,황학캐슬,1522-3232,,02-2048-5258,01,서울,0119,중구,서울특별시 중구 황학동 2545 롯데캐슬베네치아,,N,T05@T08@T16@T17@T20@T30@T32@T34@@@T36@T43@T51@T52@@T56@T57@T65@T69@T71@P40@T09,0,,,,0,3.95,-1,-1,-1,30,,0,9459,N,,0,,,/upload/store/2023/01/[9459]_20230125122307_4y92h.jpg,,,,,,0,,,0,,,,,,,,1,60,20080725,0,,,,,,서울특별시 중구 청계천로 400 (황학동) 롯데캐슬베네치아,,N,WHCROAD,,,,0,,A01,,,,,37.5714,127.0231,0,0,0,0,0,0,0,0,0,0,0,0,0,0,0,0,0,0,0,0,0,0,0,0,0,0,0,0,0,0,0
0,,,,,,,,,,,,0,,,,,,,,,,,,,,,,,,,,,911,연희DT,1522-3232,,02-336-8893,01,서울,0111,서대문구,"서울특별시 서대문구 연희동 87-7 ,87-8",,Y,Z9999@T01@@T08@T16@T17@T20@@T30@T32@T34@@T43@T52@T56@T57@T65@T69@T71@P90@T09,0,,,,0,3.96,-1,-1,-1,30,,0,3093,N,,0,,,/upload/store/2020/11/[3093]_20201120044054_is607.jpg,,,,,,0,,,0,,,,,,,,1,60,20150331,0,,,,,,서울특별시 서대문구 연희로 144 (연희동),,N,WHCROAD,,,,0,,A01,,,,,37.5702143,126.9339777,0,0,0,0,0,0,0,0,0,0,0,0,0,0,0,0,0,0,0,0,0,0,0,0,0,0,0,0,0,0,0
0,,,,,,,,,,,,0,,,,,,,,,,,,,,,,,,,,,1208,황학사거리,1522-3232,,02-2294-3410,01,서울,0123,성동구,서울특별시 성동구 하왕십리동 700 센트라스,,,Z9999@T05@T08@T16@T17@T20@T21@T30@T32@T34@T36@@@T43@T52@T56@T57@T64@T65@T69@T71@T09,0,,,,0,3.97,-1,-1,-1,30,,0,3409,N,,0,,,/upload/store/2017/04/[3409]_20170421061806_9pomw.JPG,,,,,,0,,,0,,,,,,,,1,60,20170421,0,,,,,,"서울특별시 성동구 왕십리로 410 (하왕십리동, 센트라스)",,N,WHCROAD,,,,0,,A01,,,,,37.567598,127.023713,0,0,0,0,0,0,0,0,0,0,0,0,0,0,0,0,0,0,0,0,0,0,0,0,0,0,0,0,0,0,0
0,,,,,,,,,,,,0,,,,,,,,,,,,,,,,,,,,,1763,현대신촌,1522-3232,,02-332-4022,01,서울,0111,서대문구,서울특별시 서대문구 창천동 30-33 현대백화점신촌점,,,Z9999@T05@T08@T16@T17@T20@T30@T32@T34@@T36@@T57@T65@T69@P40@P80@T09,0,,,,0,3.98,-1,-1,-1,30,,0,4031,N,,0,,,/upload/store/2025/03/[4031]_20250301012940_atz6h.jpg,,,,,,0,,,0,,,,,,,,1,60,20210203,0,,,,,,서울특별시 서대문구 신촌로 83 (창천동),,N,WHCROAD,,,,0,,A01,,,,,37.55592458080376,126.93569449086847,0,0,0,0,0,0,0,0,0,0,0,0,0,0,0,0,0,0,0,0,0,0,0,0,0,0,0,0,0,0,0
0,,,,,,,,,,,,0,,,,,,,,,,,,,,,,,,,,,1862,옥수,1522-3232,,02-2295-4137,01,서울,0123,성동구,서울특별시 성동구 옥수동 262-1,,,Z9999@T05@T08@T16@T17@T20@T21@T30@T32@T34@@T36@T51@T52@T56@T57@T65@T69@P90@T09,0,,,,0,4.05,-1,-1,-1,30,,0,4136,N,,0,,,/upload/store/2022/03/[4136]_20220329083935_f5rrn.jpg,,,,,,0,,,0,,,,,,,,1,60,20210902,0,,,,,,서울특별시 성동구 독서당로 202 (옥수동),,N,,,,,0,,A01,,,,,37.5430298,127.0133661,0,0,0,0,0,0,0,0,0,0,0,0,0,0,0,0,0,0,0,0,0,0,0,0,0,0,0,0,0,0,0
0,,,,,,,,,,,,0,,,,,,,,,,,,,,,,,,,,,1293,신촌역,1522-3232,,02-336-3530,01,서울,0111,서대문구,서울특별시 서대문구 창천동 72-12 거화빌딩,,,T05@T08@T16@T17@T20@T21@T30@T32@@T36@@T52@T56@T57@T65@T69@P20@P80@T09,0,,,,0,4.05,-1,-1,-1,30,,0,3529,N,,0,,,/upload/store/2025/02/[3529]_20250205045105_ux1jm.jpg,,,,,,0,,,0,,,,,,,,1,60,20171114,0,,,,,,서울특별시 서대문구 신촌로 73 (창천동),,N,WHCROAD,,,,0,,A01,,,,,37.55625738,126.934653,0,0,0,0,0,0,0,0,0,0,0,0,0,0,0,0,0,0,0,0,0,0,0,0,0,0,0,0,0,0,0
0,,,,,,,,,,,,0,,,,,,,,,,,,,,,,,,,,,1886,용산전자랜드,1522-3232,,02-715-4186,01,서울,0124,용산구,서울특별시 용산구 한강로3가 16-9 전자랜드 c139호,,,Z9999@T05@T08@T16@T17@T20@T30@T32@T34@@T36@T51@T52@T56@T57@T64@T65@T69@P90,0,,,,0,4.08,-1,-1,-1,30,,0,4185,N,,0,,,/upload/store/2022/09/[4185]_20220905021003_obd28.jpg,,,,,,0,,,0,,,,,,,,1,60,20211108,0,,,,,,서울특별시 용산구 청파로 74 (한강로3가),,N,WHCROAD,,,,0,,A01,,,,,37.53283405969833,126.96109143672262,0,0,0,0,0,0,0,0,0,0,0,0,0,0,0,0,0,0,0,0,0,0,0,0,0,0,0,0,0,0,0
0,,,,,,,,,,,,0,,,,,,,,,,,,,,,,,,,,,87,마포일진빌딩,1522-3232,,02-718-8265,01,서울,0110,마포구,서울특별시 마포구 도화동 50-1 일진빌딩 1층,,N,Z9999@T05@T08@T16@T17@T20@T21@T30@T32@T36@@@T52@T56@T57@T64@T65@T69@P80@P90@T09,0,,,,0,4.09,-1,-1,-1,30,,0,9465,N,,0,,,/upload/store/2019/01/[9465]_20190119031247_8m4mk.jpg,,,,,,0,,,0,,,,,,,,1,60,20080917,0,,,,,,"서울특별시 마포구 마포대로 45, 일진빌딩 1층 (도화동)",,N,WHCROAD,,,,0,,A01,,,,,37.54043451,126.9463168,0,0,0,0,0,0,0,0,0,0,0,0,0,0,0,0,0,0,0,0,0,0,0,0,0,0,0,0,0,0,0
0,,,,,,,,,,,,0,,,,,,,,,,,,,,,,,,,,,1067,신촌오거리,1522-3232,,02-334-3276,01,서울,0110,마포구,서울특별시 마포구 노고산동 54-1,,,Z9999@T05@T08@T16@T17@T20@T30@T32@T34@@@T43@T52@@T56@T57@T65@T69@T71@P20@P80@P90,0,,,,0,4.09,-1,-1,-1,30,,0,3275,N,,0,,,/upload/store/2025/09/3275_20250929121257_nzjlo.jpg,,,,,,0,,,0,,,,,,,,1,60,20160524,0,,,,,,서울특별시 마포구 신촌로16길 10 (노고산동),,N,WHCROAD,,,,0,,A01,,,,,37.555137,126.934694,0,0,0,0,0,0,0,0,0,0,0,0,0,0,0,0,0,0,0,0,0,0,0,0,0,0,0,0,0,0,0
0,,,,,,,,,,,,0,,,,,,,,,,,,,,,,,,,,,2492,마포역뉴매드,1522-3232,,--,01,서울,0110,마포구,"서울특별시 마포구 마포동 451, 103, 104호",,,T05@T08@T17@T20@T21@T27@T30@T32@T34@T43@T56@T57@T64@T65@T66@T69@T71@@T09,0,,,,0,4.26,-1,-1,-1,30,,0,4719,N,,0,,,/upload/store/2025/12/4719_20251217082133_t722n.jpg,,,,,,0,,,0,,,,,,,,1,60,20251218,0,,,,,,서울특별시 마포구 마포대로 26 (마포동),,N,,,,,0,,A01,,,,,37.538988480523095,126.94549072264988,0,0,0,0,0,0,0,0,0,0,0,0,0,0,0,0,0,0,0,0,0,0,0,0,0,0,0,0,0,0,0
0,,,,,,,,,,,,0,,,,,,,,,,,,,,,,,,,,,2367,용산이마트,1522-3232,,--,01,서울,0124,용산구,서울특별시 용산구 한강로3가 40-999 용산이마트 지하2층,,,T05@T16@T17@T20@T30@T32@T34@T36@T43@@T51@T56@T57@T64@@T65@T69@T71@P40@T09,0,,,,0,4.28,-1,-1,-1,30,,0,4626,N,,0,,,/upload/store/2025/02/[4626]_20250221031411_68lkl.jpg,,,,,,0,,,0,,,,,,,,1,60,20241227,0,,,,,,서울특별시 용산구 한강대로23길 55 (한강로3가) 용산이마트 지하 2층,,N,,,,,0,,A01,,,,,37.52970001276223,126.96573157676766,0,0,0,0,0,0,0,0,0,0,0,0,0,0,0,0,0,0,0,0,0,0,0,0,0,0,0,0,0,0,0
0,,,,,,,,,,,,0,,,,,,,,,,,,,,,,,,,,,952,신설동역,1522-3232,,02-922-8942,01,서울,0122,동대문구,서울특별시 동대문구 신설동 76-10,,Y,Z9999@T05@T08@T16@T17@T20@T21@T30@T32@T34@@T36@@@T52@T56@T57@T64@T65@T69@P80,0,,,,0,4.28,-1,-1,-1,30,,0,3142,N,,0,,,/upload/store/2021/02/[3142]_20210206044929_np2pq.jpg,,,,,,0,,,0,,,,,,,,1,60,20150722,0,,,,,,서울특별시 동대문구 왕산로 19 (신설동),,N,WHCROAD,,,,0,,A01,,,,,37.5767228,127.0255446,0,0,0,0,0,0,0,0,0,0,0,0,0,0,0,0,0,0,0,0,0,0,0,0,0,0,0,0,0,0,0
0,,,,,,,,,,,,0,,,,,,,,,,,,,,,,,,,,,1428,마포용강동,1522-3232,,02-3275-3656,01,서울,0110,마포구,서울특별시 마포구 용강동 112-2외 9필지 근린생활시설,,,Z9999@T05@T08@T16@T17@T20@T21@T30@T32@@T36@@T43@T52@@T56@T57@T65@T69@T71@P90,0,,,,0,4.29,-1,-1,-1,30,,0,3655,N,,0,,,/upload/store/2021/08/[3655]_20210819042310_44ryd.jpg,,,,,,0,,,0,,,,,,,,1,60,20181030,0,,,,,,서울특별시 마포구 토정로 295 (용강동),,N,WHCROAD,,,,0,,A01,,,,,37.541186,126.942209,0,0,0,0,0,0,0,0,0,0,0,0,0,0,0,0,0,0,0,0,0,0,0,0,0,0,0,0,0,0,0
0,,,,,,,,,,,,0,,,,,,,,,,,,,,,,,,,,,2424,연희동,1522-3232,,--,01,서울,0111,서대문구,서울특별시 서대문구 연희동 193-1 한영빌딩,,,Z9999@T05@T08@T16@T17@T20@T21@T30@T32@T34@T43@T51@T52@T56@T57@T65@T69@T71,0,,,,0,4.33,-1,-1,-1,30,,0,4665,N,,0,,,/upload/store/2025/06/4665_20250626111609_j61ki.jpg,,,,,,0,,,0,,,,,,,,1,60,20250627,0,,,,,,서울특별시 서대문구 연희로 79 (연희동),,N,,,,,0,,A01,,,,,37.5654550624029,126.929552728948,0,0,0,0,0,0,0,0,0,0,0,0,0,0,0,0,0,0,0,0,0,0,0,0,0,0,0,0,0,0,0
0,,,,,,,,,,,,0,,,,,,,,,,,,,,,,,,,,,257,용산아이파크몰6F,1522-3232,,02-2012-2908,01,서울,0124,용산구,"서울특별시 용산구 한강로3가 40-999 현대아이파크몰(용산역민자역사), 6층",,N,Z9999@T05@T08@T16@T17@T20@@T30@T32@T36@T51@T52@T56@T57@T63@T64@T65@T69@P40@P60@P80@T09,0,,,,0,4.34,-1,-1,-1,30,,0,9307,N,,0,,,/upload/store/2026/01/9307_20260115055348_elled.jpg,,,,,,0,,,0,,,,,,,,1,60,20041029,0,,,,,,서울특별시 용산구 한강대로23길 55,,N,WHCROAD,,,,0,,A01,,,,,37.5295804832797,126.964026132479,0,0,0,0,0,0,0,0,0,0,0,0,0,0,0,0,0,0,0,0,0,0,0,0,0,0,0,0,0,0,0
0,,,,,,,,,,,,0,,,,,,,,,,,,,,,,,,,,,94,동빙고,1522-3232,,02-798-9262,01,서울,0124,용산구,"서울특별시 용산구 동빙고동 10-8, 7-33",,N,Z9999@T05@T08@T16@T17@T20@T21@T30@T32@@T36@T52@T56@T57@T65@T69@P90@T09,0,,,,0,4.36,-1,-1,-1,30,,0,9462,N,,0,,,/upload/store/2019/05/[9462]_20190512055727_lmhj1.jpg,,,,,,0,,,0,,,,,,,,1,60,20080829,0,,,,,,서울특별시 용산구 장문로 12 (동빙고동),,N,WHCROAD,,,,0,,A01,,,,,37.5290045288412,126.991762757458,0,0,0,0,0,0,0,0,0,0,0,0,0,0,0,0,0,0,0,0,0,0,0,0,0,0,0,0,0,0,0
0,,,,,,,,,,,,0,,,,,,,,,,,,,,,,,,,,,1165,상왕십리역,1522-3232,,02-2294-3343,01,서울,0123,성동구,서울특별시 성동구 하왕십리동 1070-3 서울동인병원,,,Z9999@T05@T08@T16@T17@T20@T21@T30@T32@@@T36@T52@T56@T57@T65@T69@P80,0,,,,0,4.36,-1,-1,-1,30,,0,3344,N,,0,,,/upload/store/2017/01/[3344]_20170117041835_jpi3k.jpg,,,,,,0,,,0,,,,,,,,1,60,20170117,0,,,,,,서울특별시 성동구 왕십리로 382 (하왕십리동),,N,WHCROAD,,,,0,,A01,,,,,37.564975755144424,127.0280649078034,0,0,0,0,0,0,0,0,0,0,0,0,0,0,0,0,0,0,0,0,0,0,0,0,0,0,0,0,0,0,0
0,,,,,,,,,,,,0,,,,,,,,,,,,,,,,,,,,,1253,신용산역,1522-3232,,02-794-3488,01,서울,0124,용산구,서울특별시 용산구 한강로2가 342 래미안용산,,,Z9999@T05@T08@T16@T17@T20@T21@@T30@T32@T36@T43@T52@T56@T57@T64@T65@T69@T71@P60@P80@P90,0,,,,0,4.37,-1,-1,-1,30,,0,3487,N,,0,,,/upload/store/2022/09/[3487]_20220911015507_81fkm.jpg,,,,,,0,,,0,,,,,,,,1,60,20170816,0,,,,,,"서울특별시 용산구 한강대로 95 (한강로2가, 래미안용산)",,N,WHCROAD,,,,0,,A01,,,,,37.52862590003661,126.96689450786394,0,0,0,0,0,0,0,0,0,0,0,0,0,0,0,0,0,0,0,0,0,0,0,0,0,0,0,0,0,0,0
0,,,,,,,,,,,,0,,,,,,,,,,,,,,,,,,,,,2344,용산아이파크몰1F,1522-3232,,--,01,서울,0124,용산구,서울특별시 용산구 한강로3가 40-999 1층,,,Z9999@T05@T08@T16@T17@T20@T27@T30@T32@T34@T36@T51@T52@T56@T57@T63@T65@T69@P40@P60@T09,0,,,,0,4.4,-1,-1,-1,30,,0,4607,N,,0,,,/upload/store/2024/11/[4607]_20241128125119_7r1g1.jpg,,,,,,0,,,0,,,,,,,,1,60,20241129,0,,,,,,서울특별시 용산구 한강대로23길 55 1층 (한강로3가),,N,WHCROAD,,,,0,,A01,,,,,37.52886848739016,126.96454123040294,0,0,0,0,0,0,0,0,0,0,0,0,0,0,0,0,0,0,0,0,0,0,0,0,0,0,0,0,0,0,0
0,,,,,,,,,,,,0,,,,,,,,,,,,,,,,,,,,,612,순천향입구,1522-3232,,02-790-8610,01,서울,0124,용산구,서울특별시 용산구 한남동 657-104,,Y,Z9999@T02@T05@T08@T16@T17@T20@T21@@T30@T32@T34@@@T36@T43@T52@@T56@T57@T64@T65@T69@T71@P70@P90,0,,,,0,4.41,-1,-1,-1,30,,0,9800,N,,0,,,/upload/store/2020/12/[9800]_20201215102333_q2qln.jpg,,,,,,0,,,0,,,,,,,,1,60,20130503,0,,,,,,서울특별시 용산구 대사관로 67 (한남동),,N,,,,,0,,A01,,,,,37.533394,127.00563,0,0,0,0,0,0,0,0,0,0,0,0,0,0,0,0,0,0,0,0,0,0,0,0,0,0,0,0,0,0,0
0,,,,,,,,,,,,0,,,,,,,,,,,,,,,,,,,,,2285,성신여대입구역,1522-3232,,02-921-4566,01,서울,0113,성북구,서울특별시 성북구 동선동4가 1 (주)하나은행 돈암동지점,,,Z9999@T05@T08@T16@T17@T20@T21@T30@T32@T34@T36@T43@T51@T52@T56@T57@T63@T64@T65@T69@T71@P80@P90,0,,,,0,4.44,-1,-1,-1,30,,0,4566,N,,0,,,/upload/store/2024/07/[4566]_20240709050814_hr2zf.jpg,,,,,,0,,,0,,,,,,,,1,60,20240710,0,,,,,,서울특별시 성북구 동소문로 105 (동선동4가),,N,WHCROAD,,,,0,,A01,,,,,37.59304,127.016641,0,0,0,0,0,0,0,0,0,0,0,0,0,0,0,0,0,0,0,0,0,0,0,0,0,0,0,0,0,0,0
0,,,,,,,,,,,,0,,,,,,,,,,,,,,,,,,,,,1077,성신여대정문,1522-3232,,02-922-3282,01,서울,0113,성북구,서울특별시 성북구 동선동2가 134 모아빌딩,,,Z9999@T05@T08@T16@T17@T20@T21@T30@T32@@@@T36@T43@T52@@T56@T57@T65@T69@T71@P20,0,,,,0,4.44,-1,-1,-1,30,,0,3281,N,,0,,,/upload/store/2023/12/[3281]_20231206033158_jaley.jpg,,,,,,0,,,0,,,,,,,,1,60,20160620,0,,,,,,서울특별시 성북구 보문로34길 62 (동선동2가),,N,WHCROAD,,,,0,,A01,,,,,37.590910,127.018800,0,0,0,0,0,0,0,0,0,0,0,0,0,0,0,0,0,0,0,0,0,0,0,0,0,0,0,0,0,0,0
0,,,,,,,,,,,,0,,,,,,,,,,,,,,,,,,,,,1427,종로평창동,1522-3232,,02-396-3632,01,서울,0118,종로구,서울특별시 종로구 평창동 182-11 나라빌딩,,,Z9999@T05@T08@T16@T17@T20@T21@T30@T32@T36@@@T43@T52@@T56@T57@T64@T65@T69@T71@P90,0,,,,0,4.48,-1,-1,-1,30,,0,3636,N,,0,,,/upload/store/2026/01/3636_20260113013155_x8f4s.jpg,,,,,,0,,,0,,,,,,,,1,60,20181031,0,,,,,,서울특별시 종로구 평창12길 3 (평창동),,N,WHCROAD,,,,0,,A01,,,,,37.60614770769474,126.96736414444056,0,0,0,0,0,0,0,0,0,0,0,0,0,0,0,0,0,0,0,0,0,0,0,0,0,0,0,0,0,0,0
0,,,,,,,,,,,,0,,,,,,,,,,,,,,,,,,,,,1340,용산역써밋R,1522-3232,,02-749-3551,01,서울,0124,용산구,서울특별시 용산구 한강로2가 391 용산푸르지오써밋,,,Z9999@T03@T05@T08@T16@T17@T20@T21@T26@T29@T30@T32@T33@T36@@T42@T43@T52@T56@T57@T64@T65@T69@P90@T09,0,,,,0,4.53,-1,-1,-1,30,,0,3550,N,,0,,,/upload/store/2022/08/[3550]_20220826060124_z395c.jpg,,,,,,0,,,0,,,,,,,,1,60,20180228,0,,,,,,"서울특별시 용산구 한강대로 69 (한강로2가, 용산푸르지오써밋)",,N,WHCROAD,,,,0,,A01,,,,,37.527433970745434,126.965653421687,0,0,0,0,0,0,0,0,0,0,0,0,0,0,0,0,0,0,0,0,0,0,0,0,0,0,0,0,0,0,0
0,,,,,,,,,,,,0,,,,,,,,,,,,,,,,,,,,,1093,한남동R,1522-3232,,02-792-3289,01,서울,0124,용산구,서울특별시 용산구 한남동 36-7  1층 ~ 2층,,,Z9999@T03@T05@T08@T16@T17@T20@T21@T26@T29@T30@@@T36@T42@T43@T52@@T57@T65@T69@T71@P90@T09,0,,,,0,4.55,-1,-1,-1,30,,0,3288,N,,0,,,/upload/store/2016/07/[3288]_20160719111928_lvkv9.jpg,,,,,,0,,,0,,,,,,,,1,60,20160720,0,,,,,,서울특별시 용산구 독서당로 94 (한남동),,N,,,,,0,,A01,,,,,37.53485,127.010919,0,0,0,0,0,0,0,0,0,0,0,0,0,0,0,0,0,0,0,0,0,0,0,0,0,0,0,0,0,0,0
0,,,,,,,,,,,,0,,,,,,,,,,,,,,,,,,,,,510,성신여대,1522-3232,,02-953-2489,01,서울,0113,성북구,서울특별시 성북구 동선동1가 92-1번지,,Y,Z9999@T05@T08@T16@T17@T20@@T21@T30@T32@T34@@@T36@@T43@T51@T52@@T56@T57@T65@T69@T71@P20@P80,0,,,,0,4.56,-1,-1,-1,30,,0,9699,N,,0,,,/upload/store/2024/09/[9699]_20240926070448_uomy2.jpg,,,,,,0,,,0,,,,,,,,1,60,20120427,0,,,,,,서울특별시 성북구 동소문로24길 12 (동선동1가),,N,WHCROAD,,,,0,,A01,,,,,37.593135,127.018379,0,0,0,0,0,0,0,0,0,0,0,0,0,0,0,0,0,0,0,0,0,0,0,0,0,0,0,0,0,0,0
0,,,,,,,,,,,,0,,,,,,,,,,,,,,,,,,,,,1157,서강광흥창역,1522-3232,,02-325-3352,01,서울,0110,마포구,서울특별시 마포구 창전동 130,,,Z9999@T05@T08@T16@T17@T20@T21@T30@T32@T34@@@T43@T52@@T56@T57@T65@T69@T71@P80@P90,0,,,,0,4.57,-1,-1,-1,30,,0,3351,N,,0,,,/upload/store/2020/02/[3351]_20200223045904_yi110.jpg,,,,,,0,,,0,,,,,,,,1,60,20161222,0,,,,,,서울특별시 마포구 서강로 69 (창전동),,N,WHCROAD,,,,0,,A01,,,,,37.549377,126.931661,0,0,0,0,0,0,0,0,0,0,0,0,0,0,0,0,0,0,0,0,0,0,0,0,0,0,0,0,0,0,0
0,,,,,,,,,,,,0,,,,,,,,,,,,,,,,,,,,,1740,용산해링턴스퀘어,1522-3232,,02-794-4007,01,서울,0124,용산구,서울특별시 용산구 한강로3가 63-70(용산해링턴스퀘어 상가),,,T05@T08@T16@T17@T20@T21@T30@T32@T34@T36@@T52@T56@T57@T65@T69,0,,,,0,4.59,-1,-1,-1,30,,0,4002,N,,0,,,/upload/store/2022/08/[4002]_20220823112543_5feh8.jpg,,,,,,0,,,0,,,,,,,,1,60,20201210,0,,,,,,서울특별시 용산구 서빙고로 17 (한강로3가),,N,WHCROAD,,,,0,,A01,,,,,37.5265379583476,126.967362090447,0,0,0,0,0,0,0,0,0,0,0,0,0,0,0,0,0,0,0,0,0,0,0,0,0,0,0,0,0,0,0
0,,,,,,,,,,,,0,,,,,,,,,,,,,,,,,,,,,2108,홍대동교,1522-3232,,02-336-4436,01,서울,0110,마포구,서울특별시 마포구 동교동 173-14,,,Z9999@T05@T08@T16@T17@T20@T30@T32@T34@T36@T51@T56@T57@T64@T65@T69@T73@P80,0,,,,0,4.71,-1,-1,-1,30,,0,4431,N,,0,,,/upload/store/2023/03/[4431]_20230326085544_q17rq.jpg,,,,,,0,,,0,,,,,,,,1,60,20230330,0,,,,,,서울특별시 마포구 양화로 192 (동교동),,N,,,,,0,,A01,,,,,37.5583280533329,126.926246501876,0,0,0,0,0,0,0,0,0,0,0,0,0,0,0,0,0,0,0,0,0,0,0,0,0,0,0,0,0,0,0
0,,,,,,,,,,,,0,,,,,,,,,,,,,,,,,,,,,1285,홍대공항철도역,1522-3232,,02-332-3517,01,서울,0110,마포구,서울특별시 마포구 동교동 166-1,,,Z9999@T05@T08@T16@T17@T20@T30@T32@@T36@T43@T52@T56@T57@T64@T65@T69@T71@P20@P80@P90,0,,,,0,4.83,-1,-1,-1,30,,0,3516,N,,0,,,/upload/store/2017/10/[3516]_20171025054229_vfgyk.jpg,,,,,,0,,,0,,,,,,,,1,60,20171025,0,,,,,,서울특별시 마포구 양화로 178 (동교동),,N,WHCROAD,,,,0,,A01,,,,,37.557491,126.925146,0,0,0,0,0,0,0,0,0,0,0,0,0,0,0,0,0,0,0,0,0,0,0,0,0,0,0,0,0,0,0
0,,,,,,,,,,,,0,,,,,,,,,,,,,,,,,,,,,1170,용산파크타워,1522-3232,,02-3785-3387,01,서울,0124,용산구,서울특별시 용산구 용산동5가 24 파크타워,,,T05@T08@T16@T17@T20@T21@T30@T32@T36@@T43@T52@@T57@T65@T69@T71@P80@P90@T09,0,,,,0,4.84,-1,-1,-1,30,,0,3386,N,,0,,,/upload/store/2022/08/[3386]_20220817033800_5c82x.jpg,,,,,,0,,,0,,,,,,,,1,60,20170125,0,,,,,,"서울특별시 용산구 서빙고로 67 (용산동5가, 파크타워)",,N,WHCROAD,,,,0,,A01,,,,,37.523818,126.970389,0,0,0,0,0,0,0,0,0,0,0,0,0,0,0,0,0,0,0,0,0,0,0,0,0,0,0,0,0,0,0
0,,,,,,,,,,,,0,,,,,,,,,,,,,,,,,,,,,203,고대,1522-3232,,02-925-1666,01,서울,0113,성북구,서울특별시 성북구 안암동5가 104-30 0830,,N,Z9999@T05@T08@T16@T17@T20@T21@T30@T32@T34@T36@@@@T43@T51@T52@T56@T57@T64@T65@T69@T71@P20,0,,,,0,4.88,-1,-1,-1,30,,0,9267,N,,0,,,/upload/store/2023/01/[9267]_20230111021138_cubhc.jpg,,,,,,0,,,0,,,,,,,,1,60,20030705,0,,,,,,서울특별시 성북구 고려대로24길 51 (안암동5가),,N,WHCROAD,,,,0,,A01,,,,,37.583925,127.029594,0,0,0,0,0,0,0,0,0,0,0,0,0,0,0,0,0,0,0,0,0,0,0,0,0,0,0,0,0,0,0
0,,,,,,,,,,,,0,,,,,,,,,,,,,,,,,,,,,919,왕십리역,1522-3232,,02-2299-8901,01,서울,0123,성동구,서울특별시 성동구 도선동 58-1,,Y,Z9999@T05@T08@T16@T17@T20@T21@T30@T32@T34@@@@T36@T51@T52@T56@T57@T65@T69@P60@P80@P90@T09,0,,,,0,4.89,-1,-1,-1,30,,0,3100,N,,0,,,/upload/store/2022/08/[3100]_20220831033517_78vn7.jpg,,,,,,0,,,0,,,,,,,,1,60,20150428,0,,,,,,서울특별시 성동구 왕십리로 326 (도선동),,N,WHCROAD,,,,0,,A01,,,,,37.5627541,127.0339072,0,0,0,0,0,0,0,0,0,0,0,0,0,0,0,0,0,0,0,0,0,0,0,0,0,0,0,0,0,0,0
0,,,,,,,,,,,,0,,,,,,,,,,,,,,,,,,,,,2010,고대안암병원,1522-3232,,02-929-4353,01,서울,0113,성북구,서울특별시 성북구 안암동5가 126-1 고려대학교 안암병원 제1주차장 3층(상층부 근린생활시설),,,Z9999@T05@T08@T12@T16@T17@T20@T21@T30@T32@T34@@T36@T51@T52@T56@T57@T64@T65@T69@P70@P80@P90,0,,,,0,4.9,-1,-1,-1,30,,0,4352,N,,0,,,/upload/store/2022/07/[4352]_20220728061410_poyvf.jpg,,,,,,0,,,0,,,,,,,,1,60,20220729,0,,,,,,서울특별시 성북구 고려대로 73 (안암동5가),,N,WHCROAD,,,,0,,A01,,,,,37.586874,127.02811,0,0,0,0,0,0,0,0,0,0,0,0,0,0,0,0,0,0,0,0,0,0,0,0,0,0,0,0,0,0,0
0,,,,,,,,,,,,0,,,,,,,,,,,,,,,,,,,,,1756,홍대역8번출구,1522-3232,,02-332-4019,01,서울,0110,마포구,서울특별시 마포구 동교동 165-1 미래프라자 1층,,,Z9999@T05@T08@T16@T17@T20@T27@T30@T32@T34@@T52@T56@T57@T64@T65@T69@P80@P90,0,,,,0,4.93,-1,-1,-1,30,,0,4009,N,,0,,,/upload/store/2021/01/[4009]_20210122112915_ijd2a.jpg,,,,,,0,,,0,,,,,,,,1,60,20210114,0,,,,,,서울특별시 마포구 양화로 166 (동교동),,N,WHCROAD,,,,0,,A01,,,,,37.556743503599,126.924166543608,0,0,0,0,0,0,0,0,0,0,0,0,0,0,0,0,0,0,0,0,0,0,0,0,0,0,0,0,0,0,0
0,,,,,,,,,,,,0,,,,,,,,,,,,,,,,,,,,,680,홍대역,1522-3232,,02-322-8672,01,서울,0110,마포구,서울특별시 마포구 동교동 159-1 상진빌딩 1층,,Y,Z9999@T05@T08@T16@T17@T20@T30@T32@T34@@T51@T52@T56@T57@T63@T64@T65@T69@P80@P90,0,,,,0,4.96,-1,-1,-1,30,,0,9872,N,,0,,,/upload/store/2025/11/9872_20251128033931_htj52.jpg,,,,,,0,,,0,,,,,,,,1,60,20131029,0,,,,,,"서울특별시 마포구 양화로 165, 상진빌딩 1층 (동교동)",,N,,,,,0,,A01,,,,,37.557175,126.923654,0,0,0,0,0,0,0,0,0,0,0,0,0,0,0,0,0,0,0,0,0,0,0,0,0,0,0,0,0,0,0
